Player,Team,Age,Pos,G,GS,Int,Yds,TD,Lng,PD,FF,Fmb,FR,Yds.1,TD.1,Sk,Comb,Solo,Ast,TFL,QBHits,Sfty,Full Name,Conference,Division
Zack Baun,PHI,28,LB,1,1,0,0,0,0,0,0,0,0,0,0,2.0,15,11,4,1,2,0,Philadelphia Eagles,NFC,NFC East
Alex Anzalone,DET,30,LB,1,1,0,0,0,0,0,0,0,0,0,0,0.0,13,10,3,3,0,0,Detroit Lions,NFC,NFC North
Terrel Bernard,BUF,25,LB,1,1,0,0,0,0,0,0,0,0,0,0,0.0,11,10,1,0,0,0,Buffalo Bills,AFC,AFC East
Julian Blackmon,IND,26,S,1,1,0,0,0,0,0,0,0,0,0,0,0.0,13,10,3,0,0,0,Indianapolis Colts,AFC,AFC South
T.J. Edwards,CHI,28,LB,1,1,0,0,0,0,0,0,0,1,0,0,0.0,15,10,5,2,0,0,Chicago Bears,NFC,NFC North
Julian Love,SEA,26,FS,1,1,1,0,0,0,1,1,0,0,0,0,0.0,12,10,2,1,0,0,Seattle Seahawks,NFC,NFC West
Tyrel Dodson,SEA,26,LB,1,1,0,0,0,0,1,0,0,0,0,0,0.0,10,9,1,1,0,0,Seattle Seahawks,NFC,NFC West
Tony Adams,NYJ,25,S,1,1,0,0,0,0,1,0,0,0,0,0,1.0,12,8,4,0,1,0,New York Jets,AFC,AFC East
Terrion Arnold,DET,21,CB,1,1,0,0,0,0,0,0,0,0,0,0,0.0,8,8,0,0,0,0,Detroit Lions,NFC,NFC North
Nick Cross,IND,23,S,1,1,0,0,0,0,0,0,0,0,0,0,0.0,14,8,6,0,0,0,Indianapolis Colts,AFC,AFC South
Quan Martin,WAS,24,DB,1,1,0,0,0,0,0,0,0,0,0,0,0.0,9,8,1,0,0,0,Washington Commanders,NFC,NFC East
C.J. Mosley,NYJ,32,LB,1,1,0,0,0,0,0,0,0,0,0,0,0.0,9,8,1,0,0,0,New York Jets,AFC,AFC East
Riley Moss,DEN,24,CB,1,1,0,0,0,0,0,0,0,0,0,0,0.0,12,8,4,1,0,0,Denver Broncos,AFC,AFC West
Byron Murphy,MIN,26,CB,1,1,0,0,0,0,1,0,0,0,0,0,0.0,9,8,1,1,0,0,Minnesota Vikings,NFC,NFC North
Foyesade Oluokun,JAX,29,LB,1,1,0,0,0,0,1,0,0,0,0,0,0.0,11,8,3,1,0,0,Jacksonville Jaguars,AFC,AFC South
Justin Reid,KAN,27,S,1,1,0,0,0,0,0,0,0,0,0,0,0.0,9,8,1,0,0,0,Kansas City Chiefs,AFC,AFC West
E.J. Speed,IND,29,LB,1,1,0,0,0,0,0,0,0,0,0,0,0.0,10,8,2,0,1,0,Indianapolis Colts,AFC,AFC South
Juan Thornhill,CLE,29,S,1,1,0,0,0,0,0,0,0,0,0,0,0.0,9,8,1,1,0,0,Cleveland Browns,AFC,AFC North
Mack Wilson,ARI,26,LB,1,1,0,0,0,0,1,0,0,0,0,0,0.0,9,8,1,1,0,0,Arizona Cardinals,NFC,NFC West
Ja'Whaun Bentley,NWE,28,LB,1,1,0,0,0,0,0,0,0,0,0,0,0.5,12,7,5,0,1,0,New England Patriots,AFC,AFC East
Javon Bullard,GNB,22,S,1,1,0,0,0,0,0,0,0,0,0,0,0.0,11,7,4,0,0,0,Green Bay Packers,NFC,NFC North
Daxton Hill,CIN,24,CB,1,1,0,0,0,0,1,0,0,0,0,0,1.0,8,7,1,1,1,0,Cincinnati Bengals,AFC,AFC North
Mike Hughes,ATL,27,CB,1,1,0,0,0,0,0,0,0,0,0,0,0.0,7,7,0,3,0,0,Atlanta Falcons,NFC,NFC South
Michael Jackson,CAR,27,CB,1,1,0,0,0,0,1,0,0,0,0,0,0.0,7,7,0,0,0,0,Carolina Panthers,NFC,NFC South
Jaylon Jones,IND,22,CB,1,1,0,0,0,0,1,0,0,0,0,0,0.0,9,7,2,1,0,0,Indianapolis Colts,AFC,AFC South
Cameron Lewis,BUF,27,CB,1,0,0,0,0,0,0,0,0,0,0,0,0.0,10,7,3,0,0,0,Buffalo Bills,AFC,AFC East
Devin Lloyd,JAX,26,LB,1,1,0,0,0,0,0,0,0,0,0,0,0.0,9,7,2,1,0,0,Jacksonville Jaguars,AFC,AFC South
David Long,MIA,28,LB,1,1,0,0,0,0,0,0,0,0,0,0,0.0,8,7,1,0,0,0,Miami Dolphins,AFC,AFC East
D.J. Reed,NYJ,28,CB,1,1,0,0,0,0,1,0,0,0,0,0,0.0,9,7,2,0,0,0,New York Jets,AFC,AFC East
Robert Spillane,LVR,29,LB,1,1,0,0,0,0,0,0,0,0,0,0,0.0,10,7,3,1,0,0,Las Vegas Raiders,AFC,AFC West
Darrell Taylor,CHI,27,DL,1,0,0,0,0,0,0,1,0,0,0,0,2.0,8,7,1,2,2,0,Chicago Bears,NFC,NFC North
Quay Walker,GNB,24,LB,1,1,0,0,0,0,0,0,0,0,0,0,0.0,11,7,4,1,0,0,Green Bay Packers,NFC,NFC North
Jaylen Watson,KAN,26,CB,1,1,0,0,0,0,1,0,0,0,0,0,0.0,11,7,4,0,0,0,Kansas City Chiefs,AFC,AFC West
Jessie Bates III,ATL,27,S,1,1,0,0,0,0,0,0,0,0,0,0,0.0,6,6,0,0,0,0,Atlanta Falcons,NFC,NFC South
Joey Bosa,LAC,29,OLB,1,1,0,0,0,0,0,1,0,0,0,0,1.0,7,6,1,1,2,0,Los Angeles Chargers,AFC,AFC West
Chamarri Conner,KAN,24,DB,1,0,0,0,0,0,0,0,0,0,0,0,0.0,6,6,0,0,0,0,Kansas City Chiefs,AFC,AFC West
Carlton Davis,DET,28,CB,1,1,0,0,0,0,0,0,0,0,0,0,0.0,10,6,4,0,0,0,Detroit Lions,NFC,NFC North
Minkah Fitzpatrick,PIT,28,S,1,1,0,0,0,0,0,0,0,0,0,0,0.0,7,6,1,0,0,0,Pittsburgh Steelers,AFC,AFC North
Derwin James,LAC,28,S,1,1,0,0,0,0,0,0,0,0,0,0,0.0,7,6,1,0,0,0,Los Angeles Chargers,AFC,AFC West
Rayshawn Jenkins,SEA,30,SS,1,1,0,0,0,0,0,0,0,0,0,0,0.0,6,6,0,0,0,0,Seattle Seahawks,NFC,NFC West
Eric Kendricks,DAL,32,MLB,1,1,1,8,0,8,1,0,0,0,0,0,2.0,9,6,3,1,2,0,Dallas Cowboys,NFC,NFC East
Keisean Nixon,GNB,27,CB,1,0,0,0,0,0,1,0,0,0,0,0,1.0,7,6,1,2,2,0,Green Bay Packers,NFC,NFC North
Jeremiah Owusu-Koramoah,CLE,25,LB,1,1,0,0,0,0,1,0,0,0,0,0,0.0,9,6,3,0,0,0,Cleveland Browns,AFC,AFC North
Gregory Rousseau,BUF,24,DE,1,1,0,0,0,0,0,1,0,0,0,0,3.0,6,6,0,3,2,0,Buffalo Bills,AFC,AFC East
Alex Singleton,DEN,31,LB,1,1,1,21,0,21,1,0,0,0,0,0,0.0,9,6,3,1,0,0,Denver Broncos,AFC,AFC West
Logan Wilson,CIN,28,LB,1,1,0,0,0,0,0,1,0,0,0,0,0.0,12,6,6,1,3,0,Cincinnati Bengals,AFC,AFC North
Troy Andersen,ATL,25,LB,1,0,0,0,0,0,0,0,0,0,0,0,0.0,6,5,1,0,0,0,Atlanta Falcons,NFC,NFC South
Brian Branch,DET,23,DB,1,1,0,0,0,0,3,0,0,0,0,0,0.0,7,5,2,1,0,0,Detroit Lions,NFC,NFC North
Jaquan Brisker,CHI,25,DB,1,1,0,0,0,0,0,0,0,0,0,0,0.0,10,5,5,0,0,0,Chicago Bears,NFC,NFC North
DeForest Buckner,IND,30,DT,1,1,0,0,0,0,0,0,0,0,0,0,1.5,6,5,1,1,2,0,Indianapolis Colts,AFC,AFC South
Zaven Collins,ARI,25,OLB,1,1,0,0,0,0,0,0,0,0,0,0,0.0,9,5,4,1,0,0,Arizona Cardinals,NFC,NFC West
Bryan Cook,KAN,25,S,1,1,0,0,0,0,0,0,0,0,0,0,0.0,6,5,1,0,0,0,Kansas City Chiefs,AFC,AFC West
Ronald Darby,JAX,30,CB,1,1,0,0,0,0,1,0,0,0,0,0,0.0,7,5,2,1,0,0,Jacksonville Jaguars,AFC,AFC South
SirVocea Dennis,TAM,24,LB,1,0,0,0,0,0,0,0,0,0,0,0,1.0,7,5,2,1,1,0,Tampa Bay Buccaneers,NFC,NFC South
Martin Emerson,CLE,24,CB,1,1,0,0,0,0,1,0,0,0,0,0,0.0,8,5,3,0,0,0,Cleveland Browns,AFC,AFC North
Amani Hooker,TEN,26,S,1,1,0,0,0,0,2,1,0,0,0,0,0.0,6,5,1,0,1,0,Tennessee Titans,AFC,AFC South
Antonio Johnson,JAX,23,S,1,1,0,0,0,0,0,0,0,0,0,0,0.0,9,5,4,1,0,0,Jacksonville Jaguars,AFC,AFC South
Quentin Lake,LAR,25,DB,1,1,0,0,0,0,0,0,0,0,0,0,0.0,10,5,5,0,1,0,Los Angeles Rams,NFC,NFC West
Nathan Landman,ATL,26,LB,1,1,0,0,0,0,0,0,0,0,0,0,0.0,7,5,2,0,0,0,Atlanta Falcons,NFC,NFC South
Tyler Nubin,NYG,23,S,1,1,0,0,0,0,0,0,0,0,0,0,0.0,7,5,2,0,0,0,New York Giants,NFC,NFC East
DeMarvion Overshown,DAL,24,LB,1,1,0,0,0,0,0,0,0,0,0,0,1.0,11,5,6,1,2,0,Dallas Cowboys,NFC,NFC East
Denzel Perryman,LAC,32,LB,1,1,0,0,0,0,0,0,0,0,0,0,0.0,5,5,0,0,0,0,Los Angeles Chargers,AFC,AFC West
Troy Reeder,LAR,30,LB,1,1,0,0,0,0,1,0,0,0,0,0,0.0,8,5,3,0,0,0,Los Angeles Rams,NFC,NFC West
A'Shawn Robinson,CAR,29,DE,1,1,0,0,0,0,0,0,0,0,0,0,0.0,9,5,4,0,0,0,Carolina Panthers,NFC,NFC South
Mike Sainristil,WAS,24,CB,1,1,0,0,0,0,0,0,0,0,0,0,0.0,6,5,1,0,0,0,Washington Commanders,NFC,NFC East
Asante Samuel Jr.,LAC,25,CB,1,1,0,0,0,0,0,0,0,0,0,0,0.0,6,5,1,0,0,0,Los Angeles Chargers,AFC,AFC West
Benjamin St-Juste,WAS,27,CB,1,1,0,0,0,0,1,0,0,0,0,0,0.0,5,5,0,0,0,0,Washington Commanders,NFC,NFC East
Alontae Taylor,NOR,26,CB,1,0,0,0,0,0,1,0,0,0,0,0,3.0,6,5,1,3,3,0,New Orleans Saints,NFC,NFC South
AJ Terrell,ATL,26,CB,1,1,0,0,0,0,0,0,0,0,0,0,0.0,5,5,0,0,0,0,Atlanta Falcons,NFC,NFC South
Bobby Wagner,WAS,34,MLB,1,1,0,0,0,0,0,0,0,0,0,0,0.0,10,5,5,3,0,0,Washington Commanders,NFC,NFC East
Fred Warner,SFO,28,LB,1,1,0,0,0,0,0,1,0,0,0,0,0.0,7,5,2,0,0,0,San Francisco 49ers,NFC,NFC West
Kyzir White,ARI,28,LB,1,1,0,0,0,0,0,0,0,0,0,0,0.0,11,5,6,1,1,0,Arizona Cardinals,NFC,NFC West
Dorian Williams,BUF,23,LB,1,1,0,0,0,0,0,0,0,1,0,0,0.0,8,5,3,0,0,0,Buffalo Bills,AFC,AFC East
Marcus Williams,BAL,28,S,1,1,0,0,0,0,1,0,0,0,0,0,0.0,6,5,1,0,0,0,Baltimore Ravens,AFC,AFC North
Quincy Williams,NYJ,28,LB,1,1,0,0,0,0,1,0,0,0,0,0,0.0,6,5,1,0,0,0,New York Jets,AFC,AFC East
Devon Witherspoon,SEA,24,CB,1,1,0,0,0,0,1,0,0,0,0,0,0.0,7,5,2,0,0,0,Seattle Seahawks,NFC,NFC West
Xavier Woods,CAR,29,S,1,1,0,0,0,0,0,0,0,0,0,0,0.0,8,5,3,0,0,0,Carolina Panthers,NFC,NFC South
Paulson Adebo,NOR,25,CB,1,1,0,0,0,0,1,0,0,0,0,0,0.0,5,4,1,0,0,0,New Orleans Saints,NFC,NFC South
Jaire Alexander,GNB,27,CB,1,1,1,17,0,17,2,0,0,0,0,0,0.0,4,4,0,0,0,0,Green Bay Packers,NFC,NFC North
Budda Baker,ARI,28,S,1,1,0,0,0,0,0,0,0,0,0,0,0.0,10,4,6,1,0,0,Arizona Cardinals,NFC,NFC West
Deonte Banks,NYG,23,CB,1,1,0,0,0,0,0,0,0,0,0,0,0.0,4,4,0,1,0,0,New York Giants,NFC,NFC East
Beanie Bishop,PIT,25,CB,1,0,0,0,0,0,0,0,0,0,0,0,0.0,4,4,0,0,0,0,Pittsburgh Steelers,AFC,AFC North
Reed Blankenship,PHI,25,S,1,1,1,1,0,1,1,0,0,0,0,0,0.0,8,4,4,0,0,0,Philadelphia Eagles,NFC,NFC East
Brian Burns,NYG,26,OLB,1,1,0,0,0,0,0,0,0,0,0,0,0.0,4,4,0,0,0,0,New York Giants,NFC,NFC East
Caelen Carson,DAL,22,CB,1,1,0,0,0,0,2,0,0,0,0,0,0.0,4,4,0,0,0,0,Dallas Cowboys,NFC,NFC East
Lorenzo Carter,ATL,29,OLB,1,1,0,0,0,0,0,0,0,0,0,0,0.0,5,4,1,0,0,0,Atlanta Falcons,NFC,NFC South
Blake Cashman,MIN,28,LB,1,1,0,0,0,0,0,0,0,0,0,0,0.0,6,4,2,0,0,0,Minnesota Vikings,NFC,NFC North
Kamren Curl,LAR,25,DB,1,1,0,0,0,0,0,0,0,0,0,0,0.0,5,4,1,0,0,0,Los Angeles Rams,NFC,NFC West
Lavonte David,TAM,34,LB,1,1,0,0,0,0,0,0,0,0,0,0,0.0,6,4,2,0,0,0,Tampa Bay Buccaneers,NFC,NFC South
Jamel Dean,TAM,28,CB,1,1,0,0,0,0,0,0,0,0,0,0,0.0,5,4,1,0,0,0,Tampa Bay Buccaneers,NFC,NFC South
Grant Delpit,CLE,26,S,1,1,0,0,0,0,0,0,0,0,0,0,0.0,4,4,0,0,0,0,Cleveland Browns,AFC,AFC North
Trevon Diggs,DAL,26,CB,1,1,1,1,0,1,2,0,0,0,0,0,0.0,5,4,1,0,0,0,Dallas Cowboys,NFC,NFC East
Arnold Ebiketie,ATL,25,OLB,1,0,0,0,0,0,0,0,0,0,0,0,0.0,5,4,1,0,0,0,Atlanta Falcons,NFC,NFC South
Kaden Elliss,ATL,29,LB,1,1,0,0,0,0,0,0,0,0,0,0,0.0,9,4,5,0,0,0,Atlanta Falcons,NFC,NFC South
Zaire Franklin,IND,28,LB,1,1,0,0,0,0,0,0,0,0,0,0,0.0,8,4,4,0,1,0,Indianapolis Colts,AFC,AFC South
Jordan Fuller,CAR,26,S,1,1,0,0,0,0,0,0,0,0,0,0,0.0,7,4,3,0,0,0,Carolina Panthers,NFC,NFC South
Kendall Fuller,MIA,29,CB,1,1,0,0,0,0,0,0,0,0,0,0,0.0,6,4,2,0,0,0,Miami Dolphins,AFC,AFC East
Daiyan Henley,LAC,25,LB,1,1,0,0,0,0,0,0,0,0,0,0,0.0,7,4,3,0,0,0,Los Angeles Chargers,AFC,AFC West
Brandon Jones,DEN,26,S,1,1,0,0,0,0,0,0,0,0,0,0,0.0,6,4,2,0,0,0,Denver Broncos,AFC,AFC West
Kader Kohou,MIA,26,CB,1,1,0,0,0,0,0,0,0,1,0,0,0.0,4,4,0,0,0,0,Miami Dolphins,AFC,AFC East
DeMarcus Lawrence,DAL,32,DE,1,1,0,0,0,0,0,1,0,0,0,0,2.0,5,4,1,3,4,0,Dallas Cowboys,NFC,NFC East
Eku Leota,CAR,25,OLB,1,0,0,0,0,0,0,0,0,0,0,0,1.0,4,4,0,3,1,0,Carolina Panthers,NFC,NFC South
Tyquan Lewis,IND,29,DE,1,1,0,0,0,0,0,0,0,0,0,0,1.0,6,4,2,1,1,0,Indianapolis Colts,AFC,AFC South
Tyrann Mathieu,NOR,32,S,1,1,0,0,0,0,0,1,0,1,0,0,0.0,4,4,0,0,0,0,New Orleans Saints,NFC,NFC South
Roger McCreary,TEN,24,CB,1,0,0,0,0,0,0,0,0,0,0,0,0.0,5,4,1,3,0,0,Tennessee Titans,AFC,AFC South
Quinyon Mitchell,PHI,23,CB,1,1,0,0,0,0,2,0,0,0,0,0,0.0,5,4,1,0,0,0,Philadelphia Eagles,NFC,NFC East
Kenny Moore,IND,29,CB,1,1,0,0,0,0,0,0,0,0,0,0,0.0,5,4,1,0,0,0,Indianapolis Colts,AFC,AFC South
Darius Muasau,NYG,23,LB,1,1,1,1,0,1,1,0,0,0,0,0,0.0,6,4,2,1,0,0,New York Giants,NFC,NFC East
Ivan Pace,MIN,24,LB,1,1,0,0,0,0,0,0,0,0,0,0,0.0,6,4,2,0,1,0,Minnesota Vikings,NFC,NFC North
Christian Rozeboom,LAR,27,LB,1,1,0,0,0,0,0,0,0,0,0,0,0.0,9,4,5,0,0,0,Los Angeles Rams,NFC,NFC West
Roquan Smith,BAL,27,LB,1,1,1,0,0,0,1,0,0,0,0,0,0.0,7,4,3,1,0,0,Baltimore Ravens,AFC,AFC North
Brandon Stephens,BAL,27,DB,1,1,0,0,0,0,0,0,0,0,0,0,0.0,4,4,0,0,0,0,Baltimore Ravens,AFC,AFC North
Derek Stingley Jr.,HOU,23,CB,1,1,0,0,0,0,0,0,0,0,0,0,0.0,4,4,0,1,0,0,Houston Texans,AFC,AFC South
Patrick Surtain II,DEN,24,CB,1,1,0,0,0,0,1,0,0,0,0,0,0.0,6,4,2,0,0,0,Denver Broncos,AFC,AFC West
Cam Taylor-Britt,CIN,25,CB,1,1,0,0,0,0,0,0,0,0,0,0,0.0,7,4,3,0,0,0,Cincinnati Bengals,AFC,AFC North
Jalen Thompson,ARI,26,S,1,1,0,0,0,0,1,0,0,0,0,0,0.0,6,4,2,0,0,0,Arizona Cardinals,NFC,NFC West
Shaq Thompson,CAR,30,LB,1,1,0,0,0,0,0,0,0,0,0,0,0.0,10,4,6,2,0,0,Carolina Panthers,NFC,NFC South
Jordan Whitehead,TAM,27,S,1,1,0,0,0,0,1,0,0,0,0,0,0.0,8,4,4,0,0,0,Tampa Bay Buccaneers,NFC,NFC South
Christian Wilkins,LVR,29,DT,1,1,0,0,0,0,0,0,0,0,0,0,0.0,5,4,1,0,0,0,Las Vegas Raiders,AFC,AFC West
Antoine Winfield Jr.,TAM,26,S,1,1,0,0,0,0,0,0,0,0,0,0,0.0,7,4,3,0,0,0,Tampa Bay Buccaneers,NFC,NFC South
Isaac Yiadom,SFO,28,CB,1,0,0,0,0,0,1,0,0,0,0,0,0.0,4,4,0,0,0,0,San Francisco 49ers,NFC,NFC West
Yasir Abdullah,JAX,24,LB,1,0,0,0,0,0,0,0,0,0,0,0,0.0,3,3,0,0,0,0,Jacksonville Jaguars,AFC,AFC South
Jerome Baker,SEA,28,LB,1,1,0,0,0,0,0,0,0,1,0,0,0.0,5,3,2,1,0,0,Seattle Seahawks,NFC,NFC West
Derrick Barnes,DET,25,LB,1,1,0,0,0,0,0,0,0,0,0,0,0.0,4,3,1,0,0,0,Detroit Lions,NFC,NFC North
Vonn Bell,CIN,30,S,1,1,0,0,0,0,0,0,0,0,0,0,0.0,6,3,3,0,0,0,Cincinnati Bengals,AFC,AFC North
Christian Benford,BUF,24,CB,1,1,0,0,0,0,0,0,0,0,0,0,0.0,3,3,0,0,0,0,Buffalo Bills,AFC,AFC East
Nick Bolton,KAN,24,LB,1,1,0,0,0,0,1,0,0,0,0,0,0.0,7,3,4,0,0,0,Kansas City Chiefs,AFC,AFC West
Julius Brents,IND,24,CB,1,1,0,0,0,0,0,0,0,0,0,0,0.0,7,3,4,0,0,0,Indianapolis Colts,AFC,AFC South
K.J. Britt,TAM,25,LB,1,1,0,0,0,0,0,0,0,0,0,0,0.0,5,3,2,0,0,0,Tampa Bay Buccaneers,NFC,NFC South
Tre Brown,SEA,27,CB,1,0,0,0,0,0,1,0,0,0,0,0,0.0,3,3,0,0,0,0,Seattle Seahawks,NFC,NFC West
Adam Butler,LVR,30,DT,1,1,0,0,0,0,0,0,0,0,0,0,0.0,4,3,1,0,1,0,Las Vegas Raiders,AFC,AFC West
Calais Campbell,MIA,38,DT,1,1,0,0,0,0,0,0,0,0,0,0,1.0,3,3,0,2,1,0,Miami Dolphins,AFC,AFC East
Tyson Campbell,JAX,24,CB,1,1,0,0,0,0,0,0,0,0,0,0,0.0,3,3,0,1,0,0,Jacksonville Jaguars,AFC,AFC South
Leo Chenal,KAN,24,LB,1,1,0,0,0,0,2,0,0,0,0,0,0.0,7,3,4,1,0,0,Kansas City Chiefs,AFC,AFC West
Chuck Clark,NYJ,29,S,1,1,0,0,0,0,0,0,0,0,0,0,0.0,5,3,2,0,0,0,New York Jets,AFC,AFC East
Edgerrin Cooper,GNB,23,LB,1,0,0,0,0,0,1,0,0,0,0,0,0.0,4,3,1,0,0,0,Green Bay Packers,NFC,NFC North
Michael Danna,KAN,27,DE,1,1,0,0,0,0,0,0,0,0,0,0,0.0,4,3,1,0,0,0,Kansas City Chiefs,AFC,AFC West
Nakobe Dean,PHI,24,LB,1,1,0,0,0,0,1,0,0,0,0,0,0.0,4,3,1,1,0,0,Philadelphia Eagles,NFC,NFC East
Quandre Diggs,TEN,31,FS,1,1,0,0,0,0,0,0,0,0,0,0,0.0,4,3,1,0,0,0,Tennessee Titans,AFC,AFC South
Marcus Epps,LVR,28,S,1,1,0,0,0,0,0,0,0,0,0,0,0.0,5,3,2,0,0,0,Las Vegas Raiders,AFC,AFC West
Folorunso Fatukasi,HOU,29,DT,1,1,0,0,0,0,0,0,0,0,0,0,1.0,4,3,1,1,1,0,Houston Texans,AFC,AFC South
Morgan Fox,LAC,30,DL,1,0,0,0,0,0,0,0,0,0,0,0,0.5,4,3,1,0,1,0,Los Angeles Chargers,AFC,AFC West
Alohi Gilman,LAC,27,S,1,1,0,0,0,0,0,0,0,0,0,0,0.0,4,3,1,0,0,0,Los Angeles Chargers,AFC,AFC West
Stephon Gilmore,MIN,34,CB,1,1,0,0,0,0,0,0,0,0,0,0,0.0,4,3,1,0,0,0,Minnesota Vikings,NFC,NFC North
Carl Granderson,NOR,28,DE,1,1,0,0,0,0,0,0,0,0,0,0,0.0,3,3,0,0,0,0,New Orleans Saints,NFC,NFC South
Shaquill Griffin,MIN,29,CB,1,0,0,0,0,0,0,0,0,0,0,0,0.0,4,3,1,0,0,0,Minnesota Vikings,NFC,NFC North
Cameron Heyward,PIT,35,DT,1,1,0,0,0,0,0,0,0,0,0,0,0.0,4,3,1,0,0,0,Pittsburgh Steelers,AFC,AFC North
Jordan Hicks,CLE,32,LB,1,1,0,0,0,0,0,0,0,0,0,0,0.0,7,3,4,0,0,0,Cleveland Browns,AFC,AFC North
Troy Hill,CAR,33,CB,1,1,0,0,0,0,0,0,0,0,0,0,0.0,4,3,1,0,0,0,Carolina Panthers,NFC,NFC South
Nate Hobbs,LVR,25,CB,1,1,0,0,0,0,1,0,0,0,0,0,0.0,4,3,1,0,1,0,Las Vegas Raiders,AFC,AFC West
Maurice Hurst Jr.,CLE,29,DT,1,1,0,0,0,0,0,0,0,0,0,0,0.0,3,3,0,1,0,0,Cleveland Browns,AFC,AFC North
Aidan Hutchinson,DET,24,DL,1,1,0,0,0,0,0,0,0,0,0,0,1.0,5,3,2,1,4,0,Detroit Lions,NFC,NFC North
Josey Jewell,CAR,30,LB,1,1,0,0,0,0,1,0,0,0,0,0,0.0,7,3,4,0,0,0,Carolina Panthers,NFC,NFC South
Jaylon Johnson,CHI,25,DB,1,1,1,9,0,9,2,0,0,0,0,0,0.0,3,3,0,2,0,0,Chicago Bears,NFC,NFC North
Jack Jones,LVR,27,CB,1,1,0,0,0,0,0,0,0,0,0,0,0.0,4,3,1,0,0,0,Las Vegas Raiders,AFC,AFC West
Jaylon Jones,CHI,27,DB,1,0,0,0,0,0,0,0,0,0,0,0,0.0,3,3,0,0,0,0,Chicago Bears,NFC,NFC North
Kerby Joseph,DET,24,S,1,1,1,0,0,0,1,0,0,0,0,0,0.0,6,3,3,0,0,0,Detroit Lions,NFC,NFC North
Damontae Kazee,PIT,31,S,1,0,0,0,0,0,0,0,0,0,0,0,0.0,3,3,0,0,0,0,Pittsburgh Steelers,AFC,AFC North
Javon Kinlaw,NYJ,27,DT,1,1,0,0,0,0,0,0,0,0,0,0,0.0,3,3,0,0,0,0,New York Jets,AFC,AFC East
Harold Landry,TEN,28,OLB,1,1,0,0,0,0,0,0,0,0,0,0,1.0,6,3,3,1,2,0,Tennessee Titans,AFC,AFC South
Deommodore Lenoir,SFO,25,DB,1,1,0,0,0,0,1,0,0,0,0,0,0.0,4,3,1,0,0,0,San Francisco 49ers,NFC,NFC West
Jourdan Lewis,DAL,29,CB,1,1,0,0,0,0,0,0,0,0,0,0,0.0,5,3,2,0,0,0,Dallas Cowboys,NFC,NFC East
P.J. Locke,DEN,27,S,1,1,0,0,0,0,0,0,0,0,0,0,0.0,4,3,1,1,0,0,Denver Broncos,AFC,AFC West
Boye Mafe,SEA,26,LB,1,1,0,0,0,0,0,0,0,0,0,0,1.0,4,3,1,2,2,0,Seattle Seahawks,NFC,NFC West
Isaiah McDuffie,GNB,25,LB,1,1,0,0,0,0,0,0,0,0,0,0,0.0,6,3,3,0,1,0,Green Bay Packers,NFC,NFC North
Trent McDuffie,KAN,24,CB,1,1,0,0,0,0,0,0,0,0,0,0,0.0,4,3,1,0,0,0,Kansas City Chiefs,AFC,AFC West
Xavier McKinney,GNB,26,S,1,1,1,17,0,17,1,0,0,0,0,0,0.0,4,3,1,0,0,0,Green Bay Packers,NFC,NFC North
Josh Metellus,MIN,26,S,1,0,0,0,0,0,1,0,0,0,0,0,0.0,4,3,1,0,1,0,Minnesota Vikings,NFC,NFC North
Kenneth Murray,TEN,26,LB,1,1,0,0,0,0,0,0,0,0,0,0,0.0,6,3,3,0,0,0,Tennessee Titans,AFC,AFC South
Rakeem Nunez-Roches,NYG,31,DL,1,1,0,0,0,0,0,0,0,0,0,0,0.0,5,3,2,0,0,0,New York Giants,NFC,NFC East
George Odum,SFO,31,S,1,1,0,0,0,0,0,0,0,0,0,0,0.0,3,3,0,0,0,0,San Francisco 49ers,NFC,NFC West
Anfernee Orji,NOR,24,LB,1,0,0,0,0,0,0,0,0,0,0,0,0.0,5,3,2,0,0,0,New Orleans Saints,NFC,NFC South
Odafe Oweh,BAL,26,OLB,1,1,0,0,0,0,0,0,0,0,0,0,0.0,4,3,1,0,1,0,Baltimore Ravens,AFC,AFC North
Micah Parsons,DAL,25,LB,1,1,0,0,0,0,1,0,0,0,0,0,1.0,4,3,1,1,5,0,Dallas Cowboys,NFC,NFC East
Jabrill Peppers,NWE,29,S,1,1,0,0,0,0,0,0,0,0,0,0,0.0,6,3,3,0,0,0,New England Patriots,AFC,AFC East
Andru Phillips,NYG,23,CB,1,0,0,0,0,0,0,1,0,0,0,0,0.0,4,3,1,1,0,0,New York Giants,NFC,NFC East
Jalen Pitre,HOU,25,S,1,1,0,0,0,0,1,0,0,0,0,0,0.0,3,3,0,0,0,0,Houston Texans,AFC,AFC South
Jordan Poyer,MIA,33,S,1,1,0,0,0,0,0,0,0,0,0,0,0.0,6,3,3,0,0,0,Miami Dolphins,AFC,AFC East
Germaine Pratt,CIN,28,LB,1,1,0,0,0,0,1,0,0,0,0,0,0.0,8,3,5,1,0,0,Cincinnati Bengals,AFC,AFC North
Taylor Rapp,BUF,27,S,1,1,0,0,0,0,1,0,0,0,0,0,0.0,5,3,2,0,0,0,Buffalo Bills,AFC,AFC East
Brenden Schooler,NWE,27,S,1,0,0,0,0,0,0,0,0,0,0,0,0.0,3,3,0,0,0,0,New England Patriots,AFC,AFC East
Nathan Shepherd,NOR,31,DT,1,1,0,0,0,0,0,0,0,0,0,0,0.0,4,3,1,1,0,0,New Orleans Saints,NFC,NFC South
Jamien Sherwood,NYJ,24,LB,1,1,0,0,0,0,0,0,0,0,0,0,0.0,4,3,1,0,0,0,New York Jets,AFC,AFC East
Harrison Smith,MIN,35,S,1,1,1,0,0,0,1,0,0,0,0,0,0.0,7,3,4,0,0,0,Minnesota Vikings,NFC,NFC North
L'Jarius Sneed,TEN,27,CB,1,1,0,0,0,0,0,0,0,0,0,0,0.0,4,3,1,0,0,0,Tennessee Titans,AFC,AFC South
Geno Stone,CIN,25,S,1,1,0,0,0,0,1,0,0,0,0,0,0.0,3,3,0,0,0,0,Cincinnati Bengals,AFC,AFC North
Ja'Sir Taylor,LAC,25,DB,1,1,0,0,0,0,0,0,0,1,0,0,0.0,3,3,0,0,0,0,Los Angeles Chargers,AFC,AFC West
Solomon Thomas,NYJ,29,DL,1,0,0,0,0,0,0,0,0,0,0,0,0.0,4,3,1,0,0,0,New York Jets,AFC,AFC East
Starling Thomas,ARI,24,CB,1,1,0,0,0,0,1,0,0,0,0,0,0.0,3,3,0,0,0,0,Arizona Cardinals,NFC,NFC West
Henry To'oTo'o,HOU,23,LB,1,1,0,0,0,0,1,0,0,0,0,0,0.0,7,3,4,1,0,0,Houston Texans,AFC,AFC South
Drue Tranquill,KAN,29,LB,1,1,0,0,0,0,0,0,0,0,0,0,0.0,4,3,1,0,0,0,Kansas City Chiefs,AFC,AFC West
Dallas Turner,MIN,21,OLB,1,0,0,0,0,0,0,0,0,0,0,0,1.0,3,3,0,1,1,0,Minnesota Vikings,NFC,NFC North
Jimmie Ward,HOU,33,S,1,1,0,0,0,0,1,0,0,0,0,0,0.0,3,3,0,0,0,0,Houston Texans,AFC,AFC South
Keion White,NWE,25,DE,1,1,0,0,0,0,0,1,0,0,0,0,2.5,4,3,1,2,3,0,New England Patriots,AFC,AFC East
Tre'Davious White,LAR,29,DB,1,1,0,0,0,0,0,0,0,0,0,0,0.0,5,3,2,0,0,0,Los Angeles Rams,NFC,NFC West
Garrett Williams,ARI,23,CB,1,1,0,0,0,0,0,0,0,0,0,0,0.0,3,3,0,0,0,0,Arizona Cardinals,NFC,NFC West
Eric Wilson,GNB,30,LB,1,1,0,0,0,0,0,0,0,0,0,0,0.0,4,3,1,2,0,0,Green Bay Packers,NFC,NFC North
Payton Wilson,PIT,24,LB,1,0,0,0,0,0,0,0,0,0,0,0,0.0,3,3,0,0,0,0,Pittsburgh Steelers,AFC,AFC North
Montravius Adams,PIT,29,DT,1,0,0,0,0,0,0,0,0,0,0,0,1.0,3,2,1,1,1,0,Pittsburgh Steelers,AFC,AFC North
Azeez Al-Shaair,HOU,27,LB,1,1,0,0,0,0,1,0,0,0,0,0,0.0,5,2,3,0,0,0,Houston Texans,AFC,AFC South
Jonathan Allen,WAS,29,DT,1,1,0,0,0,0,0,0,0,0,0,0,0.0,2,2,0,0,1,0,Washington Commanders,NFC,NFC East
Will Anderson,HOU,23,DE,1,1,0,0,0,0,0,0,0,0,0,0,0.0,2,2,0,1,0,0,Houston Texans,AFC,AFC South
Cody Barton,DEN,28,LB,1,0,0,0,0,0,0,0,0,0,0,0,0.0,2,2,0,1,0,0,Denver Broncos,AFC,AFC West
Markquese Bell,DAL,25,S,1,0,0,0,0,0,0,0,0,0,0,0,0.0,2,2,0,0,0,0,Dallas Cowboys,NFC,NFC East
Marquise Blair,SEA,27,FS,1,0,0,0,0,0,0,0,0,0,0,0,0.0,2,2,0,0,0,0,Seattle Seahawks,NFC,NFC West
Jalen Brooks,DAL,24,WR,1,0,0,0,0,0,0,0,0,0,0,0,0.0,2,2,0,0,0,0,Dallas Cowboys,NFC,NFC East
Karl Brooks,GNB,24,DL,1,0,0,0,0,0,0,0,0,0,0,0,0.0,4,2,2,0,0,0,Green Bay Packers,NFC,NFC North
Ji'Ayir Brown,SFO,24,S,1,1,0,0,0,0,0,0,0,0,0,0,0.0,3,2,1,0,0,0,San Francisco 49ers,NFC,NFC West
Montaric Brown,JAX,25,CB,1,0,0,0,0,0,0,0,0,0,0,0,0.0,3,2,1,0,0,0,Jacksonville Jaguars,AFC,AFC South
Jarvis Brownlee,TEN,23,CB,1,0,0,0,0,0,0,0,0,0,0,0,0.0,2,2,0,1,0,0,Tennessee Titans,AFC,AFC South
Percy Butler,WAS,24,S,1,0,0,0,0,0,0,0,0,0,0,0,0.0,2,2,0,1,0,0,Washington Commanders,NFC,NFC East
Camryn Bynum,MIN,26,S,1,1,0,0,0,0,0,0,0,0,0,0,0.0,4,2,2,0,0,0,Minnesota Vikings,NFC,NFC North
De'Vondre Campbell,SFO,31,LB,1,1,0,0,0,0,0,0,0,0,0,0,0.0,5,2,3,0,0,0,San Francisco 49ers,NFC,NFC West
Jack Campbell,DET,24,LB,1,1,0,0,0,0,0,0,0,0,0,0,0.0,7,2,5,1,0,0,Detroit Lions,NFC,NFC North
Michael Carter II,NYJ,25,CB,1,0,0,0,0,0,0,0,0,0,0,0,0.0,2,2,0,0,0,0,New York Jets,AFC,AFC East
Jeremy Chinn,WAS,26,S,1,1,0,0,0,0,0,0,0,0,0,0,0.0,3,2,1,0,0,0,Washington Commanders,NFC,NFC East
Andre Cisco,JAX,24,S,1,1,0,0,0,0,0,0,0,0,0,0,0.0,4,2,2,0,0,0,Jacksonville Jaguars,AFC,AFC South
Damone Clark,DAL,24,LB,1,0,0,0,0,0,0,0,0,0,0,0,0.0,4,2,2,0,0,0,Dallas Cowboys,NFC,NFC East
Kei'Trel Clark,ARI,23,CB,1,0,0,0,0,0,0,0,0,0,0,0,1.0,3,2,1,0,1,0,Arizona Cardinals,NFC,NFC West
Maliek Collins,SFO,29,DL,1,1,0,0,0,0,0,0,0,1,0,0,0.0,2,2,0,0,0,0,San Francisco 49ers,NFC,NFC West
Jonathon Cooper,DEN,26,OLB,1,1,0,0,0,0,0,0,0,0,0,0,2.0,6,2,4,2,4,0,Denver Broncos,AFC,AFC West
Maxx Crosby,LVR,27,DE,1,1,0,0,0,0,0,0,0,0,0,0,1.0,5,2,3,1,3,0,Las Vegas Raiders,AFC,AFC West
Ashtyn Davis,NYJ,28,S,1,0,0,0,0,0,0,0,0,0,0,0,0.0,2,2,0,0,0,0,New York Jets,AFC,AFC East
Demario Davis,NOR,35,LB,1,1,0,0,0,0,0,0,0,0,0,0,1.0,4,2,2,0,0,0,New Orleans Saints,NFC,NFC South
Jamin Davis,WAS,26,DE,1,0,0,0,0,0,0,0,0,0,0,0,0.0,3,2,1,1,0,0,Washington Commanders,NFC,NFC East
Gervon Dexter,CHI,23,DL,1,1,0,0,0,0,0,0,0,0,0,0,1.0,4,2,2,1,2,0,Chicago Bears,NFC,NFC North
Storm Duck,MIA,24,CB,1,0,0,0,0,0,0,0,0,0,0,0,0.0,2,2,0,0,0,0,Miami Dolphins,AFC,AFC East
Kyle Dugger,NWE,28,S,1,1,0,0,0,0,1,1,0,0,0,0,0.0,6,2,4,0,0,0,New England Patriots,AFC,AFC East
Tremaine Edmunds,CHI,26,LB,1,1,0,0,0,0,0,0,0,0,0,0,0.0,4,2,2,0,0,0,Chicago Bears,NFC,NFC North
Mario Edwards,HOU,30,DT,1,1,0,0,0,0,0,0,0,0,0,0,1.0,3,2,1,1,1,0,Houston Texans,AFC,AFC South
Clelin Ferrell,WAS,27,DE,1,1,0,0,0,0,0,0,0,0,0,0,1.0,2,2,0,1,1,0,Washington Commanders,NFC,NFC East
Braden Fiske,LAR,24,DE,1,1,0,0,0,0,0,0,0,0,0,0,0.0,5,2,3,0,0,0,Los Angeles Rams,NFC,NFC West
Emmanuel Forbes,WAS,23,CB,1,1,0,0,0,0,0,0,0,0,0,0,0.0,4,2,2,0,0,0,Washington Commanders,NFC,NFC East
Poona Ford,LAC,29,DT,1,1,1,3,0,3,2,0,0,0,0,0,0.0,3,2,1,1,1,0,Los Angeles Chargers,AFC,AFC West
John Franklin-Myers,DEN,28,DE,1,1,0,0,0,0,0,0,0,0,0,0,0.0,2,2,0,1,0,0,Denver Broncos,AFC,AFC West
Kristian Fulton,LAC,26,CB,1,1,0,0,0,0,0,0,0,0,0,0,0.0,5,2,3,0,0,0,Los Angeles Chargers,AFC,AFC West
C.J. Gardner-Johnson,PHI,27,S,1,1,0,0,0,0,0,0,0,0,0,0,0.0,5,2,3,0,0,0,Philadelphia Eagles,NFC,NFC East
Myles Garrett,CLE,29,DE,1,1,0,0,0,0,0,1,0,0,0,0,1.0,2,2,0,1,1,0,Cleveland Browns,AFC,AFC North
Jack Gibbens,TEN,26,LB,1,1,0,0,0,0,0,0,0,0,0,0,0.0,4,2,2,0,0,0,Tennessee Titans,AFC,AFC South
Christian Gonzalez,NWE,22,CB,1,1,0,0,0,0,0,0,0,0,0,0,0.0,2,2,0,0,0,0,New England Patriots,AFC,AFC East
Kyler Gordon,CHI,25,DB,1,1,0,0,0,0,0,0,0,0,0,0,0.0,4,2,2,0,0,0,Chicago Bears,NFC,NFC North
Damar Hamlin,BUF,26,S,1,1,0,0,0,0,0,0,0,0,0,0,0.0,4,2,2,0,0,0,Buffalo Bills,AFC,AFC East
Javon Hargrave,SFO,31,DL,1,1,0,0,0,0,0,0,0,0,0,0,0.0,2,2,0,0,0,0,San Francisco 49ers,NFC,NFC West
Shelby Harris,CLE,33,DT,1,0,0,0,0,0,0,0,0,0,0,0,0.0,2,2,0,1,1,0,Cleveland Browns,AFC,AFC North
Trey Hendrickson,CIN,30,DE,1,1,0,0,0,0,0,0,0,0,0,0,0.0,2,2,0,0,2,0,Cincinnati Bengals,AFC,AFC North
Mike Hilton,CIN,30,CB,1,1,0,0,0,0,0,0,0,0,0,0,0.0,3,2,1,0,0,0,Cincinnati Bengals,AFC,AFC North
Jevon Holland,MIA,24,S,1,1,0,0,0,0,1,1,0,0,0,0,0.0,4,2,2,0,0,0,Miami Dolphins,AFC,AFC East
Malik Hooker,DAL,28,S,1,1,0,0,0,0,0,0,0,0,0,0,0.0,4,2,2,0,0,0,Dallas Cowboys,NFC,NFC East
Sam Hubbard,CIN,29,DE,1,1,0,0,0,0,0,0,0,0,0,0,0.0,4,2,2,0,1,0,Cincinnati Bengals,AFC,AFC North
Christian Izien,TAM,24,S,1,0,0,0,0,0,1,1,0,0,0,0,0.0,2,2,0,0,0,0,Tampa Bay Buccaneers,NFC,NFC South
Adoree' Jackson,NYG,29,CB,1,0,0,0,0,0,0,0,0,0,0,0,0.0,2,2,0,0,0,0,New York Giants,NFC,NFC East
Eddie Jackson,BAL,31,FS,1,0,0,0,0,0,0,0,0,0,0,0,0.0,2,2,0,0,0,0,Baltimore Ravens,AFC,AFC North
Grady Jarrett,ATL,31,DL,1,1,0,0,0,0,0,0,0,0,0,0,1.5,3,2,1,2,3,0,Atlanta Falcons,NFC,NFC South
John Jenkins,LVR,35,DT,1,1,0,0,0,0,0,0,0,0,0,0,0.0,5,2,3,0,0,0,Las Vegas Raiders,AFC,AFC West
DJ Johnson,CAR,26,OLB,1,0,0,0,0,0,0,0,0,0,0,0,0.0,2,2,0,0,0,0,Carolina Panthers,NFC,NFC South
Jermaine Johnson II,NYJ,25,LB,1,1,0,0,0,0,0,0,0,0,0,0,0.0,2,2,0,0,0,0,New York Jets,AFC,AFC East
John Johnson,LAR,29,S,1,0,1,0,0,0,1,0,0,0,0,0,0.0,6,2,4,0,0,0,Los Angeles Rams,NFC,NFC West
D.J. Jones,DEN,29,DT,1,1,0,0,0,0,0,0,0,0,0,0,0.0,3,2,1,0,1,0,Denver Broncos,AFC,AFC West
Marcus Jones,NWE,26,CB,1,1,0,0,0,0,0,0,0,1,17,0,0.0,4,2,2,0,0,0,New England Patriots,AFC,AFC East
Patrick Jones II,MIN,26,OLB,1,0,0,0,0,0,0,0,0,0,0,0,2.0,4,2,2,2,2,0,Minnesota Vikings,NFC,NFC North
Travis Jones,BAL,25,DT,1,1,0,0,0,0,0,0,0,0,0,0,0.0,2,2,0,0,0,0,Baltimore Ravens,AFC,AFC North
Sebastian Joseph-Day,TEN,29,DL,1,1,0,0,0,0,1,0,0,0,0,0,1.0,3,2,1,2,1,0,Tennessee Titans,AFC,AFC South
Matt Judon,ATL,32,OLB,1,1,0,0,0,0,0,0,0,0,0,0,0.5,6,2,4,0,1,0,Atlanta Falcons,NFC,NFC South
Marshawn Kneeland,DAL,23,DE,1,0,0,0,0,0,1,0,0,0,0,0,0.0,3,2,1,0,2,0,Dallas Cowboys,NFC,NFC East
Marshon Lattimore,NOR,28,CB,1,1,0,0,0,0,0,0,0,0,0,0,0.0,2,2,0,0,0,0,New Orleans Saints,NFC,NFC South
Dexter Lawrence,NYG,27,DL,1,1,0,0,0,0,1,0,0,0,0,0,1.0,3,2,1,1,1,0,New York Giants,NFC,NFC East
Marist Liufau,DAL,23,LB,1,0,0,0,0,0,0,0,0,0,0,0,0.0,2,2,0,0,0,0,Dallas Cowboys,NFC,NFC East
Nick McCloud,NYG,26,CB,1,1,0,0,0,0,0,0,0,0,0,0,0.0,2,2,0,0,0,0,New York Giants,NFC,NFC East
Ja'Quan McMillian,DEN,24,CB,1,1,0,0,0,0,0,0,0,0,0,0,0.0,4,2,2,0,0,0,Denver Broncos,AFC,AFC West
Max Melton,ARI,22,CB,1,0,0,0,0,0,0,0,0,0,0,0,0.0,2,2,0,0,0,0,Arizona Cardinals,NFC,NFC West
Von Miller,BUF,35,LB,1,0,0,0,0,0,0,0,0,0,0,0,1.0,2,2,0,1,1,0,Buffalo Bills,AFC,AFC East
Sean Murphy-Bunting,ARI,27,CB,1,1,0,0,0,0,0,0,0,0,0,0,0.0,5,2,3,0,0,0,Arizona Cardinals,NFC,NFC West
Emmanuel Ogbah,MIA,31,LB,1,1,0,0,0,0,0,0,0,0,0,0,1.0,4,2,2,1,2,0,Miami Dolphins,AFC,AFC East
Bobby Okereke,NYG,28,LB,1,1,0,0,0,0,0,0,0,1,1,0,0.0,3,2,1,0,0,0,New York Giants,NFC,NFC East
Michael Pierce,BAL,32,NT,1,0,0,0,0,0,0,0,0,0,0,0,0.0,4,2,2,0,0,0,Baltimore Ravens,AFC,AFC North
Jason Pinnock,NYG,25,S,1,1,0,0,0,0,1,0,0,0,0,0,0.0,2,2,0,0,0,0,New York Giants,NFC,NFC East
Joey Porter Jr.,PIT,24,CB,1,1,0,0,0,0,0,0,0,0,0,0,0.0,3,2,1,0,0,0,Pittsburgh Steelers,AFC,AFC North
Patrick Queen,PIT,25,LB,1,1,0,0,0,0,0,0,0,0,0,0,0.0,2,2,0,0,0,0,Pittsburgh Steelers,AFC,AFC North
Jon Rhattigan,CAR,25,LB,1,0,0,0,0,0,0,0,0,0,0,0,0.0,2,2,0,0,0,0,Carolina Panthers,NFC,NFC South
Malcolm Rodriguez,DET,25,LB,1,0,0,0,0,0,0,0,0,0,0,0,0.0,4,2,2,0,0,0,Detroit Lions,NFC,NFC North
Trent Sieg,DAL,29,LS,1,0,0,0,0,0,0,0,0,0,0,0,0.0,2,2,0,0,0,0,Dallas Cowboys,NFC,NFC East
Trenton Simpson,BAL,23,LB,1,1,0,0,0,0,1,0,0,0,0,0,0.5,5,2,3,0,2,0,Baltimore Ravens,AFC,AFC North
Darius Slay,PHI,33,CB,1,1,0,0,0,0,0,1,0,0,0,0,0.0,3,2,1,0,0,0,Philadelphia Eagles,NFC,NFC East
Za'Darius Smith,CLE,32,DE,1,1,0,0,0,0,0,0,0,0,0,0,1.0,3,2,1,1,1,0,Cleveland Browns,AFC,AFC North
James Smith-Williams,ATL,27,DL,1,0,0,0,0,0,0,0,0,0,0,0,0.0,5,2,3,2,0,0,Atlanta Falcons,NFC,NFC South
Tyrique Stevenson,CHI,24,DB,1,0,1,43,1,43,2,0,0,0,0,0,0.0,4,2,2,0,0,0,Chicago Bears,NFC,NFC North
Pierre Strong,CLE,26,RB,1,0,0,0,0,0,0,0,0,0,0,0,0.0,2,2,0,0,0,0,Cleveland Browns,AFC,AFC North
Montez Sweat,CHI,28,DL,1,1,0,0,0,0,0,0,0,0,0,0,0.0,2,2,0,0,0,0,Chicago Bears,NFC,NFC North
Jahlani Tavai,NWE,28,LB,1,1,0,0,0,0,1,0,0,0,0,0,0.0,4,2,2,1,0,0,New England Patriots,AFC,AFC East
Casey Toohill,BUF,28,DE,1,0,0,0,0,0,0,0,0,0,0,0,0.0,2,2,0,0,0,0,Buffalo Bills,AFC,AFC East
Joe Tryon-Shoyinka,TAM,25,OLB,1,1,0,0,0,0,0,1,0,0,0,0,1.0,2,2,0,1,1,0,Tampa Bay Buccaneers,NFC,NFC South
Jay Tufele,CIN,25,DT,1,0,0,0,0,0,0,0,0,0,0,0,0.0,4,2,2,1,0,0,Cincinnati Bengals,AFC,AFC North
Andrew Van Ginkel,MIN,29,OLB,1,1,1,10,1,10,1,0,0,0,0,0,1.0,4,2,2,0,2,0,Minnesota Vikings,NFC,NFC North
Lukas Van Ness,GNB,23,DL,1,0,0,0,0,0,0,0,0,0,0,0,0.0,2,2,0,0,0,0,Green Bay Packers,NFC,NFC North
Vita Vea,TAM,29,NT,1,1,0,0,0,0,0,0,0,0,0,0,0.0,3,2,1,1,0,0,Tampa Bay Buccaneers,NFC,NFC South
Jared Verse,LAR,24,OLB,1,1,0,0,0,0,0,0,0,0,0,0,1.0,4,2,2,1,2,0,Los Angeles Rams,NFC,NFC West
Travon Walker,JAX,24,DE,1,1,0,0,0,0,0,0,0,0,0,0,2.0,6,2,4,1,2,0,Jacksonville Jaguars,AFC,AFC South
Charvarius Ward,SFO,28,CB,1,1,0,0,0,0,1,0,0,0,0,0,0.0,3,2,1,0,0,0,San Francisco 49ers,NFC,NFC West
T.J. Watt,PIT,30,LB,1,1,0,0,0,0,0,0,0,1,0,0,1.0,4,2,2,2,3,0,Pittsburgh Steelers,AFC,AFC North
Nick Westbrook-Ikhine,TEN,27,WR,1,0,0,0,0,0,0,0,0,0,0,0,0.0,2,2,0,0,0,0,Tennessee Titans,AFC,AFC South
Tershawn Wharton,KAN,26,DT,1,0,0,0,0,0,0,0,0,0,0,0,0.0,3,2,1,0,0,0,Kansas City Chiefs,AFC,AFC West
Alex Wright,CLE,24,DE,1,0,0,0,0,0,0,0,0,0,0,0,0.0,2,2,0,0,0,0,Cleveland Browns,AFC,AFC North
Byron Young,LAR,26,OLB,1,1,0,0,0,0,0,0,0,0,0,0,1.0,4,2,2,1,1,0,Los Angeles Rams,NFC,NFC West
Dareke Young,SEA,25,WR,1,0,0,0,0,0,0,0,0,0,0,0,0.0,2,2,0,0,0,0,Seattle Seahawks,NFC,NFC West
Cal Adomitis,CIN,26,LS,1,0,0,0,0,0,0,0,0,0,0,0,0.0,1,1,0,0,0,0,Cincinnati Bengals,AFC,AFC North
DeAundre Alford,ATL,27,CB,1,0,0,0,0,0,0,0,0,0,0,0,0.0,2,1,1,0,0,0,Atlanta Falcons,NFC,NFC South
Zach Allen,DEN,27,DE,1,1,0,0,0,0,0,0,0,0,0,0,0.0,2,1,1,1,1,1,Denver Broncos,AFC,AFC West
Zayne Anderson,GNB,27,S,1,0,0,0,0,0,0,0,0,0,0,0,0.0,1,1,0,0,0,0,Green Bay Packers,NFC,NFC North
Felix Anudike-Uzomah,KAN,22,DE,1,0,0,0,0,0,0,0,0,1,0,0,0.0,1,1,0,1,0,0,Kansas City Chiefs,AFC,AFC West
Jalyn Armour-Davis,BAL,25,CB,1,1,0,0,0,0,0,0,0,0,0,0,0.0,1,1,0,0,0,0,Baltimore Ravens,AFC,AFC North
Arik Armstead,JAX,31,DE,1,0,0,0,0,0,0,0,0,0,0,0,1.0,1,1,0,1,1,0,Jacksonville Jaguars,AFC,AFC South
Chidobe Awuzie,TEN,29,CB,1,1,0,0,0,0,0,0,0,0,0,0,0.0,1,1,0,0,0,0,Tennessee Titans,AFC,AFC South
Darrell Baker,TEN,26,CB,1,0,0,0,0,0,0,0,0,0,0,0,0.0,1,1,0,0,0,0,Tennessee Titans,AFC,AFC South
Krys Barnes,ARI,26,LB,1,0,0,0,0,0,0,0,0,0,0,0,0.0,2,1,1,0,0,0,Arizona Cardinals,NFC,NFC West
Robert Beal,SFO,25,DL,1,0,0,0,0,0,0,0,0,0,0,0,0.0,2,1,1,0,0,0,San Francisco 49ers,NFC,NFC West
Quinton Bell,MIA,28,LB,1,0,0,0,0,0,0,0,0,0,0,0,0.0,1,1,0,1,0,0,Miami Dolphins,AFC,AFC East
Dane Belton,NYG,24,S,1,0,0,0,0,0,1,0,0,1,0,0,0.0,1,1,0,0,0,0,New York Giants,NFC,NFC East
Keeanu Benton,PIT,23,DL,1,1,0,0,0,0,0,0,0,0,0,0,0.0,2,1,1,0,1,0,Pittsburgh Steelers,AFC,AFC North
JD Bertrand,ATL,24,LB,1,0,0,0,0,0,0,0,0,0,0,0,0.0,1,1,0,0,0,0,Atlanta Falcons,NFC,NFC South
Andrew Billings,CHI,29,DL,1,1,0,0,0,0,0,0,0,0,0,0,0.0,2,1,1,1,2,0,Chicago Bears,NFC,NFC North
Nik Bonitto,DEN,25,OLB,1,0,0,0,0,0,0,0,0,0,0,0,0.0,1,1,0,0,1,0,Denver Broncos,AFC,AFC West
Nick Bosa,SFO,27,DL,1,1,0,0,0,0,0,0,0,0,0,0,0.0,2,1,1,0,2,0,San Francisco 49ers,NFC,NFC West
C.J. Brewer,TAM,27,DL,1,0,0,0,0,0,0,0,0,0,0,0,0.0,2,1,1,0,0,0,Tampa Bay Buccaneers,NFC,NFC South
British Brooks,HOU,25,RB,1,0,0,0,0,0,0,0,0,0,0,0,0.0,1,1,0,0,0,0,Houston Texans,AFC,AFC South
Jordyn Brooks,MIA,27,LB,1,1,0,0,0,0,0,0,0,0,0,0,0.0,4,1,3,0,0,0,Miami Dolphins,AFC,AFC East
Bobby Brown,LAR,24,NT,1,1,0,0,0,0,0,0,0,0,0,0,0.0,3,1,2,0,0,0,Los Angeles Rams,NFC,NFC West
Derrick Brown,CAR,26,DT,1,1,0,0,0,0,0,0,0,0,0,0,0.0,3,1,2,0,0,0,Carolina Panthers,NFC,NFC South
Baron Browning,DEN,25,OLB,1,1,0,0,0,0,0,0,0,0,0,0,0.0,5,1,4,1,0,0,Denver Broncos,AFC,AFC West
Coby Bryant,SEA,25,CB,1,0,0,0,0,0,0,0,0,0,0,0,0.0,1,1,0,0,0,0,Seattle Seahawks,NFC,NFC West
Myles Bryant,HOU,26,CB,1,0,0,0,0,0,0,0,0,0,0,0,0.0,1,1,0,0,0,0,Houston Texans,AFC,AFC South
Jonathan Bullard,MIN,31,DL,1,1,0,0,0,0,0,0,0,0,0,0,0.0,1,1,0,1,0,0,Minnesota Vikings,NFC,NFC North
Amari Burney,LVR,24,LB,1,0,0,0,0,0,0,0,0,0,0,0,0.0,1,1,0,0,0,0,Las Vegas Raiders,AFC,AFC West
Devin Bush Jr.,CLE,26,LB,1,0,0,0,0,0,0,0,0,0,0,0,0.0,2,1,1,0,0,0,Cleveland Browns,AFC,AFC North
Kevin Byard,CHI,31,DB,1,1,0,0,0,0,0,0,0,0,0,0,0.0,2,1,1,0,0,0,Chicago Bears,NFC,NFC North
Elijah Campbell,MIA,29,DB,1,0,0,0,0,0,0,1,0,0,0,0,0.0,1,1,0,0,0,0,Miami Dolphins,AFC,AFC East
Joe Cardona,NWE,32,LS,1,0,0,0,0,0,0,1,0,0,0,0,0.0,1,1,0,0,0,0,New England Patriots,AFC,AFC East
Zachary Carter,CIN,25,DT,1,0,0,0,0,0,0,0,0,0,0,0,0.0,2,1,1,0,0,0,Cincinnati Bengals,AFC,AFC North
Zach Charbonnet,SEA,23,RB,1,0,0,0,0,0,0,0,0,0,0,0,0.0,1,1,0,0,0,0,Seattle Seahawks,NFC,NFC West
Elijah Chatman,NYG,24,DT,1,1,0,0,0,0,0,0,0,0,0,0,0.0,1,1,0,0,0,0,New York Giants,NFC,NFC East
Claudin Cherelus,CAR,26,LB,1,0,0,0,0,0,0,0,0,0,0,0,0.0,1,1,0,0,0,0,Carolina Panthers,NFC,NFC South
Kenny Clark,GNB,29,DL,1,1,0,0,0,0,0,0,0,0,0,0,0.0,2,1,1,0,0,0,Green Bay Packers,NFC,NFC North
Micheal Clemons,NYJ,27,DL,1,1,0,0,0,0,0,0,0,0,0,0,1.0,2,1,1,1,1,0,New York Jets,AFC,AFC East
Junior Colson,LAC,22,LB,1,0,0,0,0,0,1,0,0,0,0,0,0.0,4,1,3,0,0,0,Los Angeles Chargers,AFC,AFC West
Tanner Conner,MIA,26,TE,1,0,0,0,0,0,0,0,0,0,0,0,0.0,1,1,0,0,0,0,Miami Dolphins,AFC,AFC East
Byron Cowart,CHI,28,DT,1,0,0,0,0,0,0,0,0,0,0,0,0.0,1,1,0,0,0,0,Chicago Bears,NFC,NFC North
Scott Daly,CHI,30,LS,1,0,0,0,0,0,0,0,0,0,0,0,0.0,1,1,0,0,0,0,Chicago Bears,NFC,NFC North
Khalil Davis,HOU,28,DT,1,0,0,0,0,0,0,0,0,0,0,0,0.0,2,1,1,0,0,0,Houston Texans,AFC,AFC South
Tyler Davis,LAR,24,DL,1,0,0,0,0,0,0,0,0,0,0,0,0.0,1,1,0,0,0,0,Los Angeles Rams,NFC,NFC West
Akeem Davis-Gaither,CIN,27,LB,1,0,0,0,0,0,0,0,0,0,0,0,0.0,3,1,2,0,0,0,Cincinnati Bengals,AFC,AFC North
Sheldon Day,WAS,30,DT,1,0,0,0,0,0,0,0,0,0,0,0,0.0,1,1,0,1,0,0,Washington Commanders,NFC,NFC East
Divine Deablo,LVR,26,LB,1,1,0,0,0,0,0,0,0,0,0,0,0.0,3,1,2,0,0,0,Las Vegas Raiders,AFC,AFC West
Mohamoud Diabate,CLE,23,LB,1,0,0,0,0,0,0,0,0,0,0,0,0.0,2,1,1,0,0,0,Cleveland Browns,AFC,AFC North
Rasul Douglas,BUF,29,CB,1,1,0,0,0,0,0,0,0,0,0,0,0.0,2,1,1,0,0,0,Buffalo Bills,AFC,AFC East
Cobie Durant,LAR,26,DB,1,1,0,0,0,0,1,0,0,0,0,0,0.0,3,1,2,0,1,0,Los Angeles Rams,NFC,NFC West
Troy Dye,LAC,28,LB,1,0,0,0,0,0,0,0,0,0,0,0,0.0,1,1,0,0,0,0,Los Angeles Chargers,AFC,AFC West
Daniel Ekuale,NWE,30,DT,1,1,0,0,0,0,0,0,0,0,0,0,0.0,2,1,1,0,0,0,New England Patriots,AFC,AFC East
DeShon Elliott,PIT,27,S,1,1,1,0,0,0,2,0,0,0,0,0,0.0,4,1,3,0,0,0,Pittsburgh Steelers,AFC,AFC North
Luke Farrell,JAX,27,TE,1,1,0,0,0,0,0,0,0,0,0,0,0.0,1,1,0,0,0,0,Jacksonville Jaguars,AFC,AFC South
Tony Fields,CLE,25,LB,1,0,0,0,0,0,0,0,0,0,0,0,0.0,2,1,1,0,0,0,Cleveland Browns,AFC,AFC North
Demetrius Flannigan-Fowles,SFO,28,LB,1,1,1,0,0,0,1,0,0,0,0,0,0.0,1,1,0,0,0,0,San Francisco 49ers,NFC,NFC West
Cordale Flott,NYG,23,CB,1,0,0,0,0,0,0,0,0,0,0,0,0.0,3,1,2,0,0,0,New York Giants,NFC,NFC East
Leonard Floyd,SFO,32,DL,1,1,0,0,0,0,0,0,0,0,0,0,1.0,2,1,1,1,1,0,San Francisco 49ers,NFC,NFC West
Isaiah Foskey,NOR,24,DE,1,0,0,0,0,0,0,0,0,0,0,0,0.0,4,1,3,0,0,0,New Orleans Saints,NFC,NFC South
Dante Fowler,WAS,30,LB,1,0,0,0,0,0,0,0,0,0,0,0,0.0,2,1,1,1,0,0,Washington Commanders,NFC,NFC East
Feleipe Franks,CAR,27,TE,1,0,0,0,0,0,0,0,0,1,0,0,0.0,1,1,0,0,0,0,Carolina Panthers,NFC,NFC South
Sauce Gardner,NYJ,24,CB,1,1,0,0,0,0,1,0,0,0,0,0,1.0,3,1,2,1,1,0,New York Jets,AFC,AFC East
Rashan Gary,GNB,27,DL,1,1,0,0,0,0,1,0,0,0,0,0,1.0,3,1,2,1,2,0,Green Bay Packers,NFC,NFC North
Willie Gay Jr.,NOR,26,LB,1,1,0,0,0,0,0,0,0,0,0,0,0.0,2,1,1,0,0,0,New Orleans Saints,NFC,NFC South
Davon Godchaux,NWE,30,DT,1,1,0,0,0,0,0,0,0,0,0,0,0.0,1,1,0,0,0,0,New England Patriots,AFC,AFC East
Eddie Goldman,ATL,30,DL,1,1,0,0,0,0,0,0,0,0,0,0,0.0,1,1,0,0,1,0,Atlanta Falcons,NFC,NFC South
J.T. Gray,NOR,28,DB,1,0,0,0,0,0,0,0,0,0,0,0,0.0,3,1,2,0,0,0,New Orleans Saints,NFC,NFC South
Renardo Green,SFO,24,CB,1,0,0,0,0,0,0,0,0,0,0,0,0.0,1,1,0,0,0,0,San Francisco 49ers,NFC,NFC West
Derick Hall,SEA,23,OLB,1,0,0,0,0,0,0,0,0,0,0,0,1.0,2,1,1,0,2,0,Seattle Seahawks,NFC,NFC West
DaVon Hamilton,JAX,27,DT,1,1,0,0,0,0,0,0,0,0,0,0,0.0,1,1,0,1,0,0,Jacksonville Jaguars,AFC,AFC South
Kyle Hamilton,BAL,23,S,1,1,0,0,0,0,0,0,0,0,0,0,0.0,3,1,2,0,0,0,Baltimore Ravens,AFC,AFC North
Nick Hampton,LAR,24,OLB,1,0,0,0,0,0,0,0,0,0,0,0,0.0,1,1,0,0,0,0,Los Angeles Rams,NFC,NFC West
Da'Shawn Hand,MIA,29,DT,1,0,0,0,0,0,0,0,0,0,0,0,0.0,2,1,1,0,0,0,Miami Dolphins,AFC,AFC East
Johnathan Hankins,SEA,32,DT,1,1,0,0,0,0,0,0,0,0,0,0,0.0,2,1,1,1,0,0,Seattle Seahawks,NFC,NFC West
Jake Hansen,HOU,26,LB,1,0,0,0,0,0,0,0,0,0,0,0,0.0,1,1,0,0,0,0,Houston Texans,AFC,AFC South
Daniel Hardy,CHI,26,DL,1,0,0,0,0,0,0,0,0,0,0,0,0.0,1,1,0,0,0,0,Chicago Bears,NFC,NFC North
Jaylen Harrell,TEN,22,OLB,1,0,0,0,0,0,0,0,0,0,0,0,0.0,1,1,0,0,0,0,Tennessee Titans,AFC,AFC South
Malik Harrison,BAL,26,LB,1,0,0,0,0,0,0,0,0,0,0,0,0.0,2,1,1,0,0,0,Baltimore Ravens,AFC,AFC North
Zach Harrison,ATL,23,DL,1,0,0,0,0,0,0,0,0,0,0,0,0.0,2,1,1,0,0,0,Atlanta Falcons,NFC,NFC South
Jaylinn Hawkins,NWE,27,S,1,0,0,0,0,0,0,0,0,1,0,0,0.0,1,1,0,0,0,0,New England Patriots,AFC,AFC East
Nick Herbig,PIT,23,LB,1,0,0,0,0,0,0,0,0,0,0,0,0.0,1,1,0,0,0,0,Pittsburgh Steelers,AFC,AFC North
Elijah Hicks,CHI,25,DB,1,0,0,0,0,0,0,0,0,0,0,0,0.0,1,1,0,0,0,0,Chicago Bears,NFC,NFC North
Alex Highsmith,PIT,27,LB,1,1,0,0,0,0,1,0,0,0,0,0,0.0,5,1,4,0,0,0,Pittsburgh Steelers,AFC,AFC North
B.J. Hill,CIN,29,DT,1,1,0,0,0,0,0,0,0,0,0,0,0.0,3,1,2,1,0,0,Cincinnati Bengals,AFC,AFC North
KhaDarel Hodge,ATL,29,WR,1,0,0,0,0,0,0,0,0,0,0,0,0.0,1,1,0,0,0,0,Atlanta Falcons,NFC,NFC South
Michael Hoecht,LAR,27,OLB,1,0,0,0,0,0,0,0,0,0,0,0,0.0,1,1,0,1,0,0,Los Angeles Rams,NFC,NFC West
Jalyn Holmes,NYJ,28,DL,1,0,0,0,0,0,0,0,0,0,0,0,0.0,3,1,2,1,0,0,New York Jets,AFC,AFC East
Travis Homer,CHI,26,RB,1,0,0,0,0,0,0,0,0,0,0,0,0.0,1,1,0,0,0,0,Chicago Bears,NFC,NFC North
Jaycee Horn,CAR,25,CB,1,1,0,0,0,0,0,0,0,0,0,0,0.0,1,1,0,1,0,0,Carolina Panthers,NFC,NFC South
Jordan Howden,NOR,24,DB,1,0,1,-5,0,-5,1,0,0,0,0,0,0.0,3,1,2,0,0,0,New Orleans Saints,NFC,NFC South
Charley Hughlett,CLE,34,LS,1,0,0,0,0,0,0,0,0,0,0,0,0.0,1,1,0,0,0,0,Cleveland Browns,AFC,AFC North
Marlon Humphrey,BAL,28,CB,1,1,0,0,0,0,0,0,0,0,0,0,0.0,2,1,1,0,0,0,Baltimore Ravens,AFC,AFC North
Danielle Hunter,HOU,30,DE,1,1,0,0,0,0,1,0,0,0,0,0,0.0,1,1,0,0,0,0,Houston Texans,AFC,AFC South
Ja'Marcus Ingram,BUF,27,CB,1,0,0,0,0,0,1,0,0,0,0,0,0.0,2,1,1,0,0,0,Buffalo Bills,AFC,AFC East
Donte Jackson,PIT,29,CB,1,1,1,49,0,49,2,0,0,0,0,0,0.0,2,1,1,0,0,0,Pittsburgh Steelers,AFC,AFC North
Theo Jackson,MIN,26,S,1,0,0,0,0,0,0,0,0,0,0,0,0.0,1,1,0,0,0,0,Minnesota Vikings,NFC,NFC North
Anfernee Jennings,NWE,27,LB,1,1,0,0,0,0,0,0,0,0,0,0,0.0,1,1,0,0,0,0,New England Patriots,AFC,AFC East
Austin Johnson,BUF,30,DT,1,0,0,0,0,0,0,0,0,0,0,0,0.0,1,1,0,0,0,0,Buffalo Bills,AFC,AFC East
Nazeeh Johnson,KAN,26,S,1,0,0,0,0,0,0,0,0,0,0,0,0.0,1,1,0,0,0,0,Kansas City Chiefs,AFC,AFC West
Ty Johnson,BUF,27,RB,1,0,0,0,0,0,0,0,0,0,0,0,0.0,1,1,0,0,0,0,Buffalo Bills,AFC,AFC East
Chris Jones,KAN,30,DT,1,1,0,0,0,0,0,1,0,0,0,0,1.0,3,1,2,1,0,0,Kansas City Chiefs,AFC,AFC West
Dre'Mont Jones,SEA,27,DE,1,1,0,0,0,0,0,0,0,0,0,0,0.0,1,1,0,0,0,0,Seattle Seahawks,NFC,NFC West
Ernest Jones,TEN,25,LB,1,0,0,0,0,0,1,0,0,0,0,0,0.0,3,1,2,0,0,0,Tennessee Titans,AFC,AFC South
Jonathan Jones,NWE,31,CB,1,1,0,0,0,0,1,0,0,0,0,0,0.0,3,1,2,0,0,0,New England Patriots,AFC,AFC East
Justin Jones,ARI,28,DL,1,1,0,0,0,0,0,0,0,1,0,0,0.0,2,1,1,0,0,0,Arizona Cardinals,NFC,NFC West
George Karlaftis III,KAN,23,DE,1,1,0,0,0,0,0,0,0,0,0,0,0.0,2,1,1,0,1,0,Kansas City Chiefs,AFC,AFC West
Kamren Kinchens,LAR,22,DB,1,0,0,0,0,0,0,0,0,0,0,0,0.0,1,1,0,0,0,0,Los Angeles Rams,NFC,NFC West
DeMarvin Leal,PIT,24,DE,1,0,0,0,0,0,0,0,0,0,0,0,0.0,1,1,0,0,0,0,Pittsburgh Steelers,AFC,AFC North
Deane Leonard,LAC,25,DB,1,0,0,0,0,0,0,0,0,0,0,0,0.0,1,1,0,0,0,0,Los Angeles Chargers,AFC,AFC West
Roy Lopez,ARI,27,DL,1,1,0,0,0,0,0,1,0,0,0,0,1.0,1,1,0,1,1,0,Arizona Cardinals,NFC,NFC West
Frankie Luvu,WAS,28,LB,1,1,0,0,0,0,0,0,0,0,0,0,0.0,5,1,4,0,0,0,Washington Commanders,NFC,NFC East
Khalil Mack,LAC,33,OLB,1,1,0,0,0,0,1,0,0,1,22,0,1.5,3,1,2,1,2,0,Los Angeles Chargers,AFC,AFC West
DeAngelo Malone,ATL,25,OLB,1,0,0,0,0,0,0,0,0,0,0,0,0.0,1,1,0,0,0,0,Atlanta Falcons,NFC,NFC South
Tyler Matakevich,PIT,32,LB,1,0,0,0,0,0,0,0,0,0,0,0,0.0,1,1,0,0,0,0,Pittsburgh Steelers,AFC,AFC North
Tyreik McAllister,LVR,26,WR,1,0,0,0,0,0,0,0,0,0,0,0,0.0,1,1,0,0,0,0,Las Vegas Raiders,AFC,AFC West
Zyon McCollum,TAM,25,CB,1,1,0,0,0,0,0,0,0,0,0,0,0.0,1,1,0,0,0,0,Tampa Bay Buccaneers,NFC,NFC South
Kool-Aid McKinstry,NOR,22,CB,1,0,0,0,0,0,0,0,0,0,0,0,0.0,2,1,1,0,0,0,New Orleans Saints,NFC,NFC South
Alim McNeill,DET,24,DL,1,1,0,0,0,0,0,0,0,0,0,0,0.0,1,1,0,0,0,0,Detroit Lions,NFC,NFC North
Jeremy McNichols,WAS,29,RB,1,0,0,0,0,0,0,0,0,0,0,0,0.0,1,1,0,0,0,0,Washington Commanders,NFC,NFC East
Scott Miller,PIT,27,WR,1,0,0,0,0,0,0,0,0,0,0,0,0.0,1,1,0,0,0,0,Pittsburgh Steelers,AFC,AFC North
Ventrell Miller,JAX,25,LB,1,0,0,0,0,0,0,0,0,0,0,0,0.0,1,1,0,0,0,0,Jacksonville Jaguars,AFC,AFC South
Tre'von Moehrig,LVR,25,S,1,1,0,0,0,0,0,0,0,0,0,0,0.0,3,1,2,0,0,0,Las Vegas Raiders,AFC,AFC West
David Moore,CAR,29,WR,1,0,0,0,0,0,0,0,0,0,0,0,0.0,1,1,0,0,0,0,Carolina Panthers,NFC,NFC South
Mike Morris,SEA,23,DE,1,0,0,0,0,0,0,0,0,0,0,0,0.0,2,1,1,0,0,0,Seattle Seahawks,NFC,NFC West
Byron Murphy,SEA,22,DT,1,0,0,0,0,0,0,0,0,0,0,0,0.0,2,1,1,0,0,0,Seattle Seahawks,NFC,NFC West
Caleb Murphy,TEN,25,OLB,1,0,0,0,0,0,0,0,0,0,0,0,0.0,1,1,0,0,0,0,Tennessee Titans,AFC,AFC South
Malik Mustapha,SFO,22,S,1,0,0,0,0,0,0,0,0,0,0,0,0.0,1,1,0,0,0,0,San Francisco 49ers,NFC,NFC West
Anthony Nelson,TAM,27,OLB,1,0,0,0,0,0,0,0,0,0,0,0,0.0,2,1,1,0,0,0,Tampa Bay Buccaneers,NFC,NFC South
Greg Newsome II,CLE,24,CB,1,1,0,0,0,0,1,0,0,0,0,0,0.0,1,1,0,0,0,0,Cleveland Browns,AFC,AFC North
Osa Odighizuwa,DAL,26,DT,1,1,0,0,0,0,0,0,0,0,0,0,0.0,3,1,2,0,1,0,Dallas Cowboys,NFC,NFC East
Amen Ogbongbemiga,CHI,26,LB,1,0,0,0,0,0,0,0,0,0,0,0,0.0,1,1,0,0,0,0,Chicago Bears,NFC,NFC North
Otito Ogbonnia,LAC,23,DT,1,1,0,0,0,0,0,0,0,0,0,0,0.0,2,1,1,0,0,0,Los Angeles Chargers,AFC,AFC West
Larry Ogunjobi,PIT,30,DT,1,1,0,0,0,0,0,0,0,0,0,0,0.0,3,1,2,0,2,0,Pittsburgh Steelers,AFC,AFC North
David Ojabo,BAL,24,OLB,1,0,0,0,0,0,0,0,0,0,0,0,1.0,1,1,0,1,1,0,Baltimore Ravens,AFC,AFC North
Azeez Ojulari,NYG,24,OLB,1,0,0,0,0,0,0,0,0,0,0,0,0.0,1,1,0,0,0,0,New York Giants,NFC,NFC East
Chigoziem Okonkwo,TEN,25,TE,1,1,0,0,0,0,0,0,0,0,0,0,0.0,1,1,0,0,0,0,Tennessee Titans,AFC,AFC South
Sam Okuayinonu,SFO,26,DL,1,0,0,0,0,0,0,0,0,0,0,0,0.0,2,1,1,0,0,0,San Francisco 49ers,NFC,NFC West
David Onyemata,ATL,32,DL,1,1,0,0,0,0,0,0,0,0,0,0,0.0,2,1,1,0,0,0,Atlanta Falcons,NFC,NFC South
Joseph Ossai,CIN,24,DE,1,0,0,0,0,0,0,0,0,0,0,0,0.0,2,1,1,0,0,0,Cincinnati Bengals,AFC,AFC North
Owen Pappoe,ARI,24,LB,1,0,0,0,0,0,0,0,0,0,0,0,0.0,4,1,3,0,0,0,Arizona Cardinals,NFC,NFC West
Kwity Paye,IND,26,DE,1,1,0,0,0,0,0,0,0,0,0,0,1.0,2,1,1,1,2,0,Indianapolis Colts,AFC,AFC South
Daron Payne,WAS,27,DT,1,1,0,0,0,0,0,0,0,0,0,0,0.0,1,1,0,0,0,0,Washington Commanders,NFC,NFC East
Kyle Peko,DET,31,DL,1,1,0,0,0,0,0,0,0,0,0,0,0.0,1,1,0,1,1,0,Detroit Lions,NFC,NFC North
Jeremiah Pharms,NWE,28,DT,1,0,0,0,0,0,0,0,0,0,0,0,0.0,2,1,1,0,0,0,New England Patriots,AFC,AFC East
Clark Phillips,ATL,23,CB,1,0,0,0,0,0,0,0,0,0,0,0,0.0,1,1,0,0,0,0,Atlanta Falcons,NFC,NFC South
Harrison Phillips,MIN,28,DL,1,1,0,0,0,0,1,0,0,0,0,0,1.0,5,1,4,1,1,0,Minnesota Vikings,NFC,NFC North
Jaelan Phillips,MIA,25,LB,1,1,0,0,0,0,0,0,0,0,0,0,1.0,2,1,1,1,1,0,Miami Dolphins,AFC,AFC East
Jalen Ramsey,MIA,30,CB,1,1,0,0,0,0,0,0,0,0,0,0,0.0,3,1,2,1,0,0,Miami Dolphins,AFC,AFC East
Sheldon Rankins,CIN,30,DT,1,1,0,0,0,0,0,0,0,0,0,0,0.0,3,1,2,0,0,0,Cincinnati Bengals,AFC,AFC North
Jordon Riley,NYG,26,DL,1,0,0,0,0,0,0,0,0,0,0,0,0.0,1,1,0,0,0,0,New York Giants,NFC,NFC East
Malcolm Roach,DEN,26,DT,1,0,0,0,0,0,0,0,0,0,0,0,0.0,2,1,1,0,0,0,Denver Broncos,AFC,AFC West
Amik Robertson,DET,26,CB,1,0,0,0,0,0,1,0,0,0,0,0,0.0,2,1,1,0,0,0,Detroit Lions,NFC,NFC North
Curtis Robinson,SFO,26,LB,1,0,0,0,0,0,0,0,0,0,0,0,0.0,1,1,0,0,0,0,San Francisco 49ers,NFC,NFC West
Josh Ross,BAL,25,LB,1,0,0,0,0,0,0,0,0,0,0,0,0.0,1,1,0,0,0,0,Baltimore Ravens,AFC,AFC North
Brady Russell,SEA,26,TE,1,0,0,0,0,0,0,0,0,0,0,0,0.0,1,1,0,0,0,0,Seattle Seahawks,NFC,NFC West
J.J. Russell,TAM,26,LB,1,0,0,0,0,0,0,0,0,0,0,0,0.0,1,1,0,0,0,0,Tampa Bay Buccaneers,NFC,NFC South
Laviska Shenault Jr.,SEA,26,WR,1,0,0,0,0,0,0,0,0,0,0,0,0.0,1,1,0,0,0,0,Seattle Seahawks,NFC,NFC West
Will Shipley,PHI,22,RB,1,0,0,0,0,0,0,0,0,0,0,0,0.0,1,1,0,0,0,0,Philadelphia Eagles,NFC,NFC East
Jeffery Simmons,TEN,27,DT,1,1,0,0,0,0,0,0,0,0,0,0,0.0,2,1,1,1,0,0,Tennessee Titans,AFC,AFC South
JL Skinner,DEN,23,S,1,0,0,0,0,0,0,0,0,1,0,0,0.0,1,1,0,0,0,0,Denver Broncos,AFC,AFC West
Tedarrell Slaton,GNB,27,DL,1,1,0,0,0,0,0,0,0,0,0,0,0.0,5,1,4,0,0,0,Green Bay Packers,NFC,NFC North
Preston Smith,GNB,32,DL,1,1,0,0,0,0,0,0,0,0,0,0,0.0,2,1,1,0,0,0,Green Bay Packers,NFC,NFC North
Charles Snowden,LVR,26,DE,1,1,0,0,0,0,0,0,0,0,0,0,0.0,1,1,0,0,0,0,Las Vegas Raiders,AFC,AFC West
Eric Stokes,GNB,25,CB,1,1,0,0,0,0,0,0,0,0,0,0,0.0,2,1,1,0,0,0,Green Bay Packers,NFC,NFC North
Justin Strnad,DEN,28,LB,1,0,0,0,0,0,0,0,0,0,0,0,0.0,1,1,0,0,0,0,Denver Broncos,AFC,AFC West
Ty Summers,NYG,29,LB,1,0,0,0,0,0,0,0,0,0,0,0,0.0,1,1,0,0,0,0,New York Giants,NFC,NFC East
Chazz Surratt,NYJ,27,LB,1,0,0,0,0,0,0,0,0,0,0,0,0.0,1,1,0,0,0,0,New York Jets,AFC,AFC East
Josh Sweat,PHI,27,OLB,1,1,0,0,0,0,0,0,0,0,0,0,0.0,1,1,0,1,1,0,Philadelphia Eagles,NFC,NFC East
Juanyeh Thomas,DAL,24,S,1,0,0,0,0,0,0,0,0,0,0,0,0.0,1,1,0,0,0,0,Dallas Cowboys,NFC,NFC East
Jerry Tillery,MIN,28,DT,1,1,0,0,0,0,1,0,0,0,0,0,0.0,3,1,2,0,1,0,Minnesota Vikings,NFC,NFC North
Dalvin Tomlinson,CLE,30,DT,1,1,0,0,0,0,0,0,0,0,0,0,1.0,3,1,2,1,1,0,Cleveland Browns,AFC,AFC North
Khyiris Tonga,ARI,28,DL,1,0,0,0,0,0,0,0,0,0,0,0,0.0,1,1,0,0,0,0,Arizona Cardinals,NFC,NFC West
DJ Turner,CIN,24,CB,1,0,0,0,0,0,0,0,0,0,0,0,0.0,1,1,0,0,0,0,Cincinnati Bengals,AFC,AFC North
Kyle Van Noy,BAL,33,OLB,1,1,0,0,0,0,0,0,0,0,0,0,0.0,1,1,0,0,1,0,Baltimore Ravens,AFC,AFC North
Kendal Vickers,NOR,29,DT,1,0,0,0,0,0,0,0,0,0,0,0,0.0,2,1,1,0,0,0,New Orleans Saints,NFC,NFC South
Nick Vigil,DAL,31,LB,1,0,0,0,0,0,0,0,0,0,0,0,0.0,2,1,1,0,0,0,Dallas Cowboys,NFC,NFC East
DeMarcus Walker,CHI,30,DL,1,1,0,0,0,0,0,0,0,0,0,0,0.0,1,1,0,0,4,0,Chicago Bears,NFC,NFC North
Mykal Walker,WAS,27,OLB,1,0,0,0,0,0,0,0,0,0,0,0,0.0,2,1,1,0,0,0,Washington Commanders,NFC,NFC East
K'Von Wallace,SEA,27,S,1,0,0,0,0,0,0,1,0,0,0,0,0.0,1,1,0,0,0,0,Seattle Seahawks,NFC,NFC West
Kristian Welch,DEN,26,LB,1,0,0,0,0,0,0,0,0,0,0,0,0.0,3,1,2,0,0,0,Denver Broncos,AFC,AFC West
Pete Werner,NOR,25,LB,1,1,0,0,0,0,0,0,0,0,0,0,0.0,2,1,1,0,0,0,New Orleans Saints,NFC,NFC South
Jordan Whittington,LAR,24,WR,1,0,0,0,0,0,0,0,0,0,0,0,0.0,1,1,0,0,0,0,Los Angeles Rams,NFC,NFC West
Nate Wiggins,BAL,21,CB,1,0,0,0,0,0,0,0,0,0,0,0,0.0,2,1,1,0,0,0,Baltimore Ravens,AFC,AFC North
Chris Williams,CHI,26,DT,1,0,0,0,0,0,0,0,0,0,0,0,0.0,1,1,0,0,0,0,Chicago Bears,NFC,NFC North
Joshua Williams,KAN,25,CB,1,0,0,0,0,0,0,0,0,0,0,0,0.0,1,1,0,0,0,0,Kansas City Chiefs,AFC,AFC West
Leonard Williams,SEA,30,DE,1,1,0,0,0,0,0,0,0,0,0,0,0.0,2,1,1,0,4,0,Seattle Seahawks,NFC,NFC West
Quinnen Williams,NYJ,27,DL,1,1,0,0,0,0,0,0,0,0,0,0,0.0,3,1,2,0,1,0,New York Jets,AFC,AFC East
Marco Wilson,NWE,25,CB,1,0,0,0,0,0,0,0,0,0,0,0,0.0,2,1,1,0,0,0,New England Patriots,AFC,AFC East
Riq Woolen,SEA,25,CB,1,1,1,4,0,4,2,0,0,0,0,0,0.0,3,1,2,0,0,0,Seattle Seahawks,NFC,NFC West
Devonte Wyatt,GNB,26,DL,1,0,0,0,0,0,0,0,0,1,0,0,0.0,1,1,0,1,0,0,Green Bay Packers,NFC,NFC North
Dorance Armstrong Jr.,WAS,27,DE,1,1,0,0,0,0,0,0,0,0,0,0,0.0,1,0,1,0,1,0,Washington Commanders,NFC,NFC East
Saquon Barkley,PHI,27,RB,1,1,0,0,0,0,0,0,0,1,0,0,0.0,0,0,0,0,0,0,Philadelphia Eagles,NFC,NFC East
Derek Barnett,HOU,28,DE,1,0,0,0,0,0,0,0,0,0,0,0,0.0,1,0,1,0,0,0,Houston Texans,AFC,AFC South
Jakorian Bennett,LVR,24,CB,1,0,0,0,0,0,1,0,0,0,0,0,0.0,0,0,0,0,0,0,Las Vegas Raiders,AFC,AFC West
Tyler Biadasz,WAS,27,C,1,1,0,0,0,0,0,0,0,1,0,0,0.0,0,0,0,0,0,0,Washington Commanders,NFC,NFC East
Joel Bitonio,CLE,33,G,1,1,0,0,0,0,0,0,0,1,0,0,0.0,0,0,0,0,0,0,Cleveland Browns,AFC,AFC North
Josh Blackwell,CHI,25,DB,1,0,0,0,0,0,0,0,0,0,0,0,0.0,1,0,1,0,0,0,Chicago Bears,NFC,NFC North
Chris Board,BAL,29,LB,1,0,0,0,0,0,0,0,0,0,0,0,0.0,1,0,1,0,0,0,Baltimore Ravens,AFC,AFC North
Thomas Booker,PHI,25,DT,1,0,0,0,0,0,0,0,0,0,0,0,0.0,1,0,1,0,0,0,Philadelphia Eagles,NFC,NFC East
Khristian Boyd,NOR,24,DT,1,0,0,0,0,0,0,0,0,0,0,0,0.0,1,0,1,0,0,0,New Orleans Saints,NFC,NFC South
Kris Boyd,HOU,28,CB,1,0,0,0,0,0,0,0,0,0,0,0,0.0,1,0,1,0,0,0,Houston Texans,AFC,AFC South
Chris Braswell,TAM,23,OLB,1,0,0,0,0,0,0,0,0,0,0,0,0.0,1,0,1,0,0,0,Tampa Bay Buccaneers,NFC,NFC South
Mike Brown,TEN,25,S,1,0,0,0,0,0,0,0,0,0,0,0,0.0,1,0,1,0,0,0,Tennessee Titans,AFC,AFC South
Calen Bullock,HOU,21,S,1,0,1,0,0,0,1,0,0,0,0,0,0.0,3,0,3,0,0,0,Houston Texans,AFC,AFC South
Joe Burrow,CIN,28,QB,1,1,0,0,0,0,0,0,1,1,0,0,0.0,0,0,0,0,0,0,Cincinnati Bengals,AFC,AFC North
Michael Burton,DEN,32,FB,1,0,0,0,0,0,0,0,0,0,0,0,0.0,1,0,1,0,0,0,Denver Broncos,AFC,AFC West
Jalen Carter,PHI,23,DT,1,1,0,0,0,0,0,0,0,0,0,0,0.0,2,0,2,0,1,0,Philadelphia Eagles,NFC,NFC East
Julius Chestnut,TEN,24,RB,1,0,0,0,0,0,0,0,0,1,0,0,0.0,0,0,0,0,0,0,Tennessee Titans,AFC,AFC South
Jadeveon Clowney,CAR,31,OLB,1,1,0,0,0,0,0,0,0,0,0,0,0.0,1,0,1,0,0,0,Carolina Panthers,NFC,NFC South
Keondre Coburn,TEN,24,DL,1,0,0,0,0,0,0,0,0,0,0,0,0.0,1,0,1,0,0,0,Tennessee Titans,AFC,AFC South
Blake Corum,LAR,24,RB,1,0,0,0,0,0,0,0,0,0,0,0,0.0,1,0,1,0,0,0,Los Angeles Rams,NFC,NFC West
Marcus Davenport,DET,28,DL,1,0,0,0,0,0,0,0,0,0,0,0,0.5,1,0,1,0,4,0,Detroit Lions,NFC,NFC North
Khalil Dorsey,DET,26,CB,1,0,0,0,0,0,0,0,0,0,0,0,0.0,1,0,1,0,0,0,Detroit Lions,NFC,NFC North
Bud Dupree,LAC,31,OLB,1,0,0,0,0,0,1,0,0,0,0,0,0.0,0,0,0,0,0,0,Los Angeles Chargers,AFC,AFC West
A.J. Epenesa,BUF,26,DE,1,1,0,0,0,0,0,0,0,0,0,0,0.0,1,0,1,0,1,0,Buffalo Bills,AFC,AFC East
Justin Fields,PIT,25,QB,1,1,0,0,0,0,0,0,1,1,0,0,0.0,0,0,0,0,0,0,Pittsburgh Steelers,AFC,AFC North
Greg Gaines,TAM,28,DL,1,1,0,0,0,0,0,0,0,0,0,0,0.0,1,0,1,0,0,0,Tampa Bay Buccaneers,NFC,NFC South
Neville Gallimore,LAR,27,NT,1,0,0,0,0,0,0,0,0,0,0,0,0.0,2,0,2,0,0,0,Los Angeles Rams,NFC,NFC West
William Gholston,TAM,33,DL,1,1,0,0,0,0,0,0,0,0,0,0,0.0,1,0,1,0,0,0,Tampa Bay Buccaneers,NFC,NFC South
Chauncey Golston,DAL,26,DE,1,0,0,0,0,0,0,0,0,0,0,0,0.0,1,0,1,0,0,0,Dallas Cowboys,NFC,NFC East
Brandon Graham,PHI,36,DE,1,0,0,0,0,0,0,0,0,0,0,0,0.0,1,0,1,0,0,0,Philadelphia Eagles,NFC,NFC East
Ta'Quon Graham,ATL,26,DL,1,0,0,0,0,0,0,0,0,0,0,0,0.0,1,0,1,0,0,0,Atlanta Falcons,NFC,NFC South
Mike Greene,TAM,25,DL,1,0,0,0,0,0,0,0,0,0,0,0,0.0,1,0,1,0,0,0,Tampa Bay Buccaneers,NFC,NFC South
Isaac Guerendo,SFO,24,RB,1,0,0,0,0,0,0,0,0,0,0,0,0.0,1,0,1,0,0,0,San Francisco 49ers,NFC,NFC West
Will Harris,NOR,29,CB,1,1,1,7,0,7,1,0,0,0,0,0,0.0,2,0,2,0,0,0,New Orleans Saints,NFC,NFC South
Khalil Herbert,CHI,26,RB,1,0,0,0,0,0,0,0,0,0,0,0,0.0,1,0,1,0,0,0,Chicago Bears,NFC,NFC North
Josh Hines-Allen,JAX,27,DE,1,1,0,0,0,0,1,0,0,0,0,0,0.0,2,0,2,0,0,0,Jacksonville Jaguars,AFC,AFC South
Mack Hollins,BUF,31,WR,1,0,0,0,0,0,0,0,0,0,0,0,0.0,1,0,1,0,0,0,Buffalo Bills,AFC,AFC East
Ka'dar Hollman,BAL,30,CB,1,0,0,0,0,0,0,0,0,0,0,0,0.0,1,0,1,0,0,0,Baltimore Ravens,AFC,AFC North
Bryce Huff,PHI,26,DE,1,1,0,0,0,0,0,0,0,0,0,0,0.0,1,0,1,0,0,0,Philadelphia Eagles,NFC,NFC East
Noah Igbinoghene,WAS,25,CB,1,0,0,0,0,0,1,0,0,0,0,0,0.0,1,0,1,0,0,0,Washington Commanders,NFC,NFC East
Quinton Jefferson,CLE,31,DT,1,0,0,0,0,0,0,0,0,0,0,0,0.0,3,0,3,0,0,0,Cleveland Browns,AFC,AFC North
Teven Jenkins,CHI,26,OL,1,1,0,0,0,0,0,0,0,1,0,0,0.0,0,0,0,0,0,0,Chicago Bears,NFC,NFC North
Taron Johnson,BUF,28,CB,1,1,0,0,0,0,0,0,0,0,0,0,0.0,1,0,1,0,0,0,Buffalo Bills,AFC,AFC East
DaQuan Jones,BUF,33,DT,1,1,0,0,0,0,1,0,0,0,0,0,0.0,1,0,1,0,1,0,Buffalo Bills,AFC,AFC East
Jarrian Jones,JAX,23,CB,1,0,0,0,0,0,0,0,0,0,0,0,0.0,1,0,1,0,0,0,Jacksonville Jaguars,AFC,AFC South
Cameron Jordan,NOR,35,DE,1,1,0,0,0,0,0,0,0,0,0,0,0.0,1,0,1,0,0,0,New Orleans Saints,NFC,NFC South
Arden Key,TEN,28,OLB,1,1,0,0,0,0,1,0,0,0,0,0,0.0,0,0,0,0,0,0,Tennessee Titans,AFC,AFC South
Kevin King,ATL,29,CB,1,0,0,0,0,0,0,0,0,0,0,0,0.0,1,0,1,0,0,0,Atlanta Falcons,NFC,NFC South
Kamari Lassiter,HOU,21,CB,1,1,0,0,0,0,1,0,0,0,0,0,0.0,2,0,2,0,0,0,Houston Texans,AFC,AFC South
Avonte Maddox,PHI,28,CB,1,0,0,0,0,0,0,0,0,0,0,0,0.0,3,0,3,0,0,0,Philadelphia Eagles,NFC,NFC East
Nnamdi Madubuike,BAL,27,DT,1,1,0,0,0,0,0,0,0,0,0,0,0.5,2,0,2,0,2,0,Baltimore Ravens,AFC,AFC North
Luke Masterson,LVR,26,LB,1,0,0,0,0,0,0,0,0,0,0,0,0.0,1,0,1,0,0,0,Las Vegas Raiders,AFC,AFC West
Phidarian Mathis,WAS,26,DT,1,0,0,0,0,0,0,0,0,0,0,0,0.0,1,0,1,0,0,0,Washington Commanders,NFC,NFC East
Will McDonald,NYJ,25,DE,1,0,0,0,0,0,0,0,0,0,0,0,0.0,1,0,1,0,0,0,New York Jets,AFC,AFC East
Bo Melton,GNB,25,WR,1,0,0,0,0,0,0,0,0,1,0,0,0.0,0,0,0,0,0,0,Green Bay Packers,NFC,NFC North
Elijah Molden,LAC,25,CB,1,0,0,0,0,0,0,0,0,0,0,0,0.0,1,0,1,0,0,0,Los Angeles Chargers,AFC,AFC West
Chad Muma,JAX,25,LB,1,0,0,0,0,0,0,0,0,0,0,0,0.0,2,0,2,0,0,0,Jacksonville Jaguars,AFC,AFC South
Dayo Odeyingbo,IND,25,DE,1,0,0,0,0,0,0,0,0,0,0,0,0.5,1,0,1,0,2,0,Indianapolis Colts,AFC,AFC South
Levi Onwuzurike,DET,26,DL,1,1,0,0,0,0,0,0,0,0,0,0,0.5,2,0,2,0,2,0,Detroit Lions,NFC,NFC North
Rico Payton,NOR,25,CB,1,0,0,0,0,0,1,0,0,0,0,0,0.0,0,0,0,0,0,0,New Orleans Saints,NFC,NFC South
Jayden Peevy,CAR,25,DT,1,0,0,0,0,0,0,0,0,0,0,0,0.0,1,0,1,0,0,0,Carolina Panthers,NFC,NFC South
Mike Pennel,KAN,33,DT,1,1,0,0,0,0,0,0,0,0,0,0,0.0,2,0,2,0,0,0,Kansas City Chiefs,AFC,AFC West
Del'Shawn Phillips,HOU,28,LB,1,0,0,0,0,0,0,0,0,0,0,0,0.0,1,0,1,0,0,0,Houston Texans,AFC,AFC South
Jordan Phillips,DAL,32,DT,1,0,0,0,0,0,0,0,0,0,0,0,0.0,1,0,1,0,1,0,Dallas Cowboys,NFC,NFC East
Ennis Rakestraw,DET,22,CB,1,0,0,0,0,0,0,0,0,0,0,0,0.0,1,0,1,0,0,0,Detroit Lions,NFC,NFC North
Jalen Reeves-Maybin,DET,29,LB,1,0,0,0,0,0,0,0,0,0,0,0,0.0,1,0,1,0,0,0,Detroit Lions,NFC,NFC North
Ronnie Rivers,LAR,25,RB,1,0,0,0,0,0,0,0,0,0,0,0,0.0,1,0,1,0,0,0,Los Angeles Rams,NFC,NFC West
Darnell Savage Jr.,JAX,27,S,1,1,0,0,0,0,2,0,0,0,0,0,0.0,0,0,0,0,0,0,Jacksonville Jaguars,AFC,AFC South
Nick Scott,CAR,29,S,1,0,0,0,0,0,1,0,0,0,0,0,0.0,0,0,0,0,0,0,Carolina Panthers,NFC,NFC South
Zach Sieler,MIA,29,DT,1,1,0,0,0,0,0,0,0,0,0,0,0.0,3,0,3,0,0,0,Miami Dolphins,AFC,AFC East
Justin Simmons,ATL,31,S,1,1,0,0,0,0,1,0,0,0,0,0,0.0,3,0,3,0,0,0,Atlanta Falcons,NFC,NFC South
Chris Smith,DET,25,DL,1,0,0,0,0,0,0,0,0,0,0,0,0.0,1,0,1,0,0,0,Detroit Lions,NFC,NFC North
Nolan Smith,PHI,23,OLB,1,0,0,0,0,0,0,0,0,0,0,0,0.0,2,0,2,0,0,0,Philadelphia Eagles,NFC,NFC East
Tykee Smith,TAM,23,S,1,0,0,0,0,0,0,0,0,0,0,0,0.0,2,0,2,0,0,0,Tampa Bay Buccaneers,NFC,NFC South
Chau Smith-Wade,CAR,22,CB,1,0,0,0,0,0,0,0,0,0,0,0,0.0,1,0,1,0,0,0,Carolina Panthers,NFC,NFC South
Rhamondre Stevenson,NWE,26,RB,1,1,0,0,0,0,0,0,1,1,0,0,0.0,0,0,0,0,0,0,New England Patriots,AFC,AFC East
Grover Stewart,IND,31,DT,1,1,0,0,0,0,0,0,0,0,0,0,0.0,2,0,2,0,1,0,Indianapolis Colts,AFC,AFC South
Ben Stille,TAM,27,DL,1,0,0,0,0,0,0,0,0,0,0,0,0.0,1,0,1,0,0,0,Tampa Bay Buccaneers,NFC,NFC South
Kentavius Street,ATL,28,DL,1,0,0,0,0,0,0,0,0,0,0,0,0.0,3,0,3,0,0,0,Atlanta Falcons,NFC,NFC South
Drake Thomas,SEA,24,LB,1,0,0,0,0,0,0,0,0,0,0,0,0.0,1,0,1,0,0,0,Seattle Seahawks,NFC,NFC West
Nick Thurman,CAR,29,DT,1,0,0,0,0,0,0,0,0,0,0,0,0.0,2,0,2,0,0,0,Carolina Panthers,NFC,NFC South
Jalen Tolbert,DAL,25,WR,1,1,0,0,0,0,0,0,0,1,0,0,0.0,0,0,0,0,0,0,Dallas Cowboys,NFC,NFC East
Adam Trautman,DEN,27,TE,1,1,0,0,0,0,0,0,0,1,2,0,0.0,0,0,0,0,0,0,Denver Broncos,AFC,AFC West
DJ Turner,LVR,27,WR,1,0,0,0,0,0,0,0,0,0,0,0,0.0,1,0,1,0,0,0,Las Vegas Raiders,AFC,AFC West
Kobie Turner,LAR,25,DE,1,1,0,0,0,0,0,0,0,0,0,0,0.0,2,0,2,0,0,0,Los Angeles Rams,NFC,NFC West
Payton Turner,NOR,25,DE,1,0,0,0,0,0,1,0,0,0,0,0,0.0,0,0,0,0,0,0,New Orleans Saints,NFC,NFC South
Shy Tuttle,CAR,29,DT,1,1,0,0,0,0,0,0,0,0,0,0,0.0,2,0,2,0,0,0,Carolina Panthers,NFC,NFC South
Denzel Ward,CLE,27,CB,1,1,0,0,0,0,3,0,0,0,0,0,0.0,0,0,0,0,0,0,Cleveland Browns,AFC,AFC North
Ar'Darius Washington,BAL,25,S,1,0,0,0,0,0,1,0,0,0,0,0,0.0,0,0,0,0,0,0,Baltimore Ravens,AFC,AFC North
Broderick Washington Jr.,BAL,28,DT,1,0,0,0,0,0,0,0,0,0,0,0,0.0,1,0,1,0,0,0,Baltimore Ravens,AFC,AFC North
Parker Washington,JAX,22,WR,1,0,0,0,0,0,0,0,1,1,0,0,0.0,0,0,0,0,0,0,Jacksonville Jaguars,AFC,AFC South
Tyrus Wheat,DAL,25,DE,1,0,0,0,0,0,0,0,0,0,0,0,0.0,1,0,1,0,0,0,Dallas Cowboys,NFC,NFC East
Caleb Williams,CHI,23,QB,1,1,0,0,0,0,0,0,1,1,0,0,0.0,0,0,0,0,0,0,Chicago Bears,NFC,NFC North
Milton Williams,PHI,25,DT,1,1,0,0,0,0,0,0,0,0,0,0,0.0,1,0,1,0,0,0,Philadelphia Eagles,NFC,NFC East
Cedrick Wilson Jr.,NOR,29,WR,1,0,0,0,0,0,0,0,1,0,0,0,0.0,1,0,1,0,0,0,New Orleans Saints,NFC,NFC South
Donovan Wilson,DAL,29,S,1,1,0,0,0,0,1,0,0,0,0,0,0.0,2,0,2,0,0,0,Dallas Cowboys,NFC,NFC East
Oshane Ximines,NWE,28,OLB,1,0,0,0,0,0,0,0,0,0,0,0,0.0,1,0,1,0,0,0,New England Patriots,AFC,AFC East
