Player,Team,Pos,G,GS,QBrec,Cmp,Pass Attempts,Cmp%,Pass Yards,Pass TD,TD%,Int,Int%,Passing 1D,Pass (Lng),Pass Yards/Att,AY/A,Y/C,Y/G,Rate,QBR,Sk,Yds.1,Sk%,NY/A,ANY/A,4QC,GWD,Rush Att,Rush Yards,Rush TD,Rushing 1D,Rush (Lng),Rush Yards/Att,Rush Yards/Game,RB Fumble,Tgt,Rec,Receiving Yards,Y/R,Receiving TD,Receiving 1D,Receiving (Lng),Y/Tgt,R/G,Receiving Yards/Game,WR Fumble,Yards after Catch,Win,Loss,Tie,Full Name,Conference,Division
Tua Tagovailoa,MIA,QB,1.0,1.0,1-0-0,23.0,37.0,0.00622,338.0,1.0,0.00027000000000000006,0.0,0.0,11.0,80.0,9.1,9.68,14.7,338.0,101.0,49.3,3.0,19.0,0.00075,7.98,8.48,1.0,1.0,0,0,0,0,0,0,0,0,0,0,0,0.0,0,0,0,0.0,0,0,0,0.0,1,0,0,Miami Dolphins,AFC,AFC East
Matthew Stafford,LAR,QB,1.0,1.0,0-1-0,34.0,49.0,0.006940000000000001,317.0,1.0,0.0002,1.0,0.0002,15.0,63.0,6.5,5.96,9.3,317.0,85.2,62.9,2.0,13.0,0.000392,5.96,5.47,0.0,0.0,0,0,0,0,0,0,0,0,0,0,0,0.0,0,0,0,0.0,0,0,0,0.0,0,1,0,Los Angeles Rams,NFC,NFC West
Patrick Mahomes,KAN,QB,1.0,1.0,1-0-0,20.0,28.0,0.0071400000000000005,291.0,1.0,0.00036,1.0,0.00036,15.0,35.0,10.4,9.5,14.6,291.0,101.9,69.6,2.0,10.0,0.000667,9.37,8.53,0.0,0.0,0,0,0,0,0,0,0,0,0,0,0,0.0,0,0,0,0.0,0,0,0,0.0,1,0,0,Kansas City Chiefs,AFC,AFC West
Baker Mayfield,TAM,QB,1.0,1.0,1-0-0,24.0,30.0,0.008,289.0,4.0,0.00133,0.0,0.0,15.0,32.0,9.6,12.3,12.0,289.0,146.4,86.2,1.0,9.0,0.00032300000000000004,9.03,11.61,0.0,0.0,0,0,0,0,0,0,0,0,0,0,0,0.0,0,0,0,0.0,0,0,0,0.0,1,0,0,Tampa Bay Buccaneers,NFC,NFC South
Jalen Hurts,PHI,QB,1.0,1.0,1-0-0,20.0,34.0,0.00588,278.0,2.0,0.00059,2.0,0.00059,14.0,67.0,8.2,6.71,13.9,278.0,80.3,38.8,2.0,12.0,0.000556,7.39,6.0,0.0,0.0,0,0,0,0,0,0,0,0,0,0,0,0.0,0,0,0,0.0,0,0,0,0.0,1,0,0,Philadelphia Eagles,NFC,NFC East
Lamar Jackson,BAL,QB,1.0,1.0,0-1-0,26.0,41.0,0.00634,273.0,1.0,0.00024,0.0,0.0,11.0,49.0,6.7,7.15,10.5,273.0,90.8,65.1,1.0,6.0,0.00023799999999999998,6.36,6.83,0.0,0.0,0,0,0,0,0,0,0,0,0,0,0,0.0,0,0,0,0.0,0,0,0,0.0,0,1,0,Baltimore Ravens,AFC,AFC North
Jordan Love,GNB,QB,1.0,1.0,0-1-0,17.0,34.0,0.005,260.0,2.0,0.00059,1.0,0.00029,9.0,70.0,7.6,7.5,15.3,260.0,83.0,20.4,1.0,5.0,0.000286,7.29,7.14,0.0,0.0,0,0,0,0,0,0,0,0,0,0,0,0.0,0,0,0,0.0,0,0,0,0.0,0,1,0,Green Bay Packers,NFC,NFC North
Gardner Minshew II,LVR,QB,1.0,1.0,0-1-0,25.0,33.0,0.00758,257.0,1.0,0.0003,1.0,0.0003,12.0,33.0,7.8,7.03,10.3,257.0,95.1,29.5,4.0,32.0,0.001081,6.08,5.41,0.0,0.0,0,0,0,0,0,0,0,0,0,0,0,0.0,0,0,0,0.0,0,0,0,0.0,0,1,0,Las Vegas Raiders,AFC,AFC West
C.J. Stroud,HOU,QB,1.0,1.0,1-0-0,24.0,32.0,0.0075,234.0,2.0,0.00063,0.0,0.0,13.0,55.0,7.3,8.56,9.8,234.0,115.9,73.6,4.0,30.0,0.001111,5.67,6.78,0.0,0.0,0,0,0,0,0,0,0,0,0,0,0,0.0,0,0,0,0.0,0,0,0,0.0,1,0,0,Houston Texans,AFC,AFC South
Josh Allen,BUF,QB,1.0,1.0,1-0-0,18.0,23.0,0.007829999999999998,232.0,2.0,0.0008699999999999999,0.0,0.0,11.0,28.0,10.1,11.83,12.9,232.0,137.7,89.9,2.0,10.0,0.0008,8.88,10.48,0.0,0.0,0,0,0,0,0,0,0,0,0,0,0,0.0,0,0,0,0.0,0,0,0,0.0,1,0,0,Buffalo Bills,AFC,AFC East
Brock Purdy,SFO,QB,1.0,1.0,1-0-0,19.0,29.0,0.00655,231.0,0.0,0.0,0.0,0.0,12.0,34.0,8.0,7.97,12.2,231.0,89.9,83.9,2.0,6.0,0.0006450000000000001,7.26,7.26,0.0,0.0,0,0,0,0,0,0,0,0,0,0,0,0.0,0,0,0,0.0,0,0,0,0.0,1,0,0,San Francisco 49ers,NFC,NFC West
Jared Goff,DET,QB,1.0,1.0,1-0-0,18.0,28.0,0.00643,217.0,1.0,0.00036,1.0,0.00036,7.0,52.0,7.8,6.86,12.1,217.0,85.0,38.1,2.0,17.0,0.000667,6.67,5.83,1.0,1.0,0,0,0,0,0,0,0,0,0,0,0,0.0,0,0,0,0.0,0,0,0,0.0,1,0,0,Detroit Lions,NFC,NFC North
Anthony Richardson,IND,QB,1.0,1.0,0-1-0,9.0,19.0,0.004739999999999999,212.0,2.0,0.00105,1.0,0.00053,4.0,60.0,11.2,10.89,23.6,212.0,101.2,87.5,2.0,13.0,0.0009519999999999999,9.48,9.24,0.0,0.0,0,0,0,0,0,0,0,0,0,0,0,0.0,0,0,0,0.0,0,0,0,0.0,0,1,0,Indianapolis Colts,AFC,AFC South
Sam Darnold,MIN,QB,1.0,1.0,1-0-0,19.0,24.0,0.00792,208.0,2.0,0.00083,1.0,0.00042,8.0,44.0,8.7,8.46,10.9,208.0,113.2,81.0,1.0,7.0,0.0004,8.04,7.84,0.0,0.0,0,0,0,0,0,0,0,0,0,0,0,0.0,0,0,0,0.0,0,0,0,0.0,1,0,0,Minnesota Vikings,NFC,NFC North
Derek Carr,NOR,QB,1.0,1.0,1-0-0,19.0,23.0,0.00826,200.0,3.0,0.0013,0.0,0.0,7.0,59.0,8.7,11.3,10.5,200.0,142.5,84.9,1.0,1.0,0.000417,8.29,10.79,0.0,0.0,0,0,0,0,0,0,0,0,0,0,0,0.0,0,0,0,0.0,0,0,0,0.0,1,0,0,New Orleans Saints,NFC,NFC South
Daniel Jones,NYG,QB,1.0,1.0,0-1-0,22.0,42.0,0.00524,186.0,0.0,0.0,2.0,0.00048,8.0,25.0,4.4,2.29,8.5,186.0,44.3,16.2,5.0,20.0,0.001064,3.53,1.62,0.0,0.0,0,0,0,0,0,0,0,0,0,0,0,0.0,0,0,0,0.0,0,0,0,0.0,0,1,0,New York Giants,NFC,NFC East
Jayden Daniels,WAS,QB,1.0,1.0,0-1-0,17.0,24.0,0.0070799999999999995,184.0,0.0,0.0,0.0,0.0,7.0,32.0,7.7,7.67,10.8,184.0,93.1,41.2,2.0,23.0,0.0007690000000000002,6.19,6.19,0.0,0.0,0,0,0,0,0,0,0,0,0,0,0,0.0,0,0,0,0.0,0,0,0,0.0,0,1,0,Washington Commanders,NFC,NFC East
Dak Prescott,DAL,QB,1.0,1.0,1-0-0,19.0,32.0,0.00594,179.0,1.0,0.00031,0.0,0.0,8.0,34.0,5.6,6.22,9.4,179.0,85.3,30.9,3.0,16.0,0.000857,4.66,5.23,0.0,0.0,0,0,0,0,0,0,0,0,0,0,0,0.0,0,0,0,0.0,0,0,0,0.0,1,0,0,Dallas Cowboys,NFC,NFC East
Geno Smith,SEA,QB,1.0,1.0,1-0-0,18.0,25.0,0.0072,171.0,1.0,0.0004,1.0,0.0004,11.0,30.0,6.8,5.84,9.5,171.0,87.2,72.2,2.0,13.0,0.000741,5.85,4.93,0.0,0.0,0,0,0,0,0,0,0,0,0,0,0,0.0,0,0,0,0.0,0,0,0,0.0,1,0,0,Seattle Seahawks,NFC,NFC West
Deshaun Watson,CLE,QB,1.0,1.0,0-1-0,24.0,45.0,0.005329999999999999,169.0,1.0,0.00022000000000000003,2.0,0.00044000000000000007,8.0,29.0,3.8,2.2,7.0,169.0,51.1,9.3,6.0,32.0,0.001176,2.69,1.31,0.0,0.0,0,0,0,0,0,0,0,0,0,0,0,0.0,0,0,0,0.0,0,0,0,0.0,0,1,0,Cleveland Browns,AFC,AFC North
Aaron Rodgers,NYJ,QB,1.0,1.0,0-1-0,13.0,21.0,0.00619,167.0,1.0,0.00048,1.0,0.00048,8.0,36.0,8.0,6.76,12.8,167.0,82.8,51.1,1.0,5.0,0.000455,7.36,6.23,0.0,0.0,0,0,0,0,0,0,0,0,0,0,0,0.0,0,0,0,0.0,0,0,0,0.0,0,1,0,New York Jets,AFC,AFC East
Joe Burrow,CIN,QB,1.0,1.0,0-1-0,21.0,29.0,0.007240000000000001,164.0,0.0,0.0,0.0,0.0,7.0,28.0,5.7,5.66,7.8,164.0,86.0,55.8,3.0,10.0,0.000938,4.81,4.81,0.0,0.0,0,0,0,0,0,0,0,0,0,0,0,0.0,0,0,0,0.0,0,0,0,0.0,0,1,0,Cincinnati Bengals,AFC,AFC North
Trevor Lawrence,JAX,QB,1.0,1.0,0-1-0,12.0,21.0,0.005710000000000001,162.0,1.0,0.00048,0.0,0.0,8.0,30.0,7.7,8.67,13.5,162.0,97.7,62.8,3.0,23.0,0.00125,5.79,6.63,0.0,0.0,0,0,0,0,0,0,0,0,0,0,0,0.0,0,0,0,0.0,0,0,0,0.0,0,1,0,Jacksonville Jaguars,AFC,AFC South
Kyler Murray,ARI,QB,1.0,1.0,0-1-0,21.0,31.0,0.006770000000000001,162.0,1.0,0.00032,0.0,0.0,10.0,24.0,5.2,5.87,7.7,162.0,91.1,83.2,4.0,16.0,0.001143,4.17,4.74,0.0,0.0,0,0,0,0,0,0,0,0,0,0,0,0.0,0,0,0,0.0,0,0,0,0.0,0,1,0,Arizona Cardinals,NFC,NFC West
Bryce Young,CAR,QB,1.0,1.0,0-1-0,13.0,30.0,0.00433,161.0,0.0,0.0,2.0,0.00067,7.0,35.0,5.4,2.37,12.4,161.0,32.8,10.5,4.0,26.0,0.001176,3.97,1.32,0.0,0.0,0,0,0,0,0,0,0,0,0,0,0,0.0,0,0,0,0.0,0,0,0,0.0,0,1,0,Carolina Panthers,NFC,NFC South
Justin Fields,PIT,QB,1.0,1.0,1-0-0,17.0,23.0,0.007390000000000001,156.0,0.0,0.0,0.0,0.0,6.0,40.0,6.8,6.78,9.2,156.0,91.9,42.6,2.0,23.0,0.0008,5.32,5.32,0.0,0.0,0,0,0,0,0,0,0,0,0,0,0,0.0,0,0,0,0.0,0,0,0,0.0,1,0,0,Pittsburgh Steelers,AFC,AFC North
Kirk Cousins,ATL,QB,1.0,1.0,0-1-0,16.0,26.0,0.00615,155.0,1.0,0.00037999999999999997,2.0,0.00077,8.0,20.0,6.0,3.27,9.7,155.0,59.0,28.9,2.0,18.0,0.0007139999999999999,4.89,2.39,0.0,0.0,0,0,0,0,0,0,0,0,0,0,0,0.0,0,0,0,0.0,0,0,0,0.0,0,1,0,Atlanta Falcons,NFC,NFC South
Justin Herbert,LAC,QB,1.0,1.0,1-0-0,17.0,26.0,0.006540000000000001,144.0,1.0,0.00037999999999999997,0.0,0.0,6.0,27.0,5.5,6.31,8.5,144.0,92.5,31.5,1.0,4.0,0.00037000000000000005,5.19,5.93,0.0,0.0,0,0,0,0,0,0,0,0,0,0,0,0.0,0,0,0,0.0,0,0,0,0.0,1,0,0,Los Angeles Chargers,AFC,AFC West
Bo Nix,DEN,QB,1.0,1.0,0-1-0,26.0,42.0,0.00619,138.0,0.0,0.0,2.0,0.00048,6.0,25.0,3.3,1.14,5.3,138.0,47.5,31.3,2.0,6.0,0.000455,3.0,0.95,0.0,0.0,0,0,0,0,0,0,0,0,0,0,0,0.0,0,0,0,0.0,0,0,0,0.0,0,1,0,Denver Broncos,AFC,AFC West
Will Levis,TEN,QB,1.0,1.0,0-1-0,19.0,32.0,0.00594,127.0,1.0,0.00031,2.0,0.00063,6.0,22.0,4.0,1.78,6.7,127.0,52.5,30.8,3.0,23.0,0.000857,2.97,0.97,0.0,0.0,0,0,0,0,0,0,0,0,0,0,0,0.0,0,0,0,0.0,0,0,0,0.0,0,1,0,Tennessee Titans,AFC,AFC South
Jacoby Brissett,NWE,QB,1.0,1.0,1-0-0,15.0,24.0,0.00625,121.0,0.0,0.0,0.0,0.0,6.0,17.0,5.0,5.04,8.1,121.0,75.2,82.2,1.0,1.0,0.0004,4.8,4.8,0.0,0.0,0,0,0,0,0,0,0,0,0,0,0,0.0,0,0,0,0.0,0,0,0,0.0,1,0,0,New England Patriots,AFC,AFC East
Caleb Williams,CHI,QB,1.0,1.0,1-0-0,14.0,29.0,0.00483,93.0,0.0,0.0,0.0,0.0,5.0,13.0,3.2,3.21,6.6,93.0,55.7,23.5,2.0,29.0,0.0006450000000000001,2.06,2.06,1.0,0.0,0,0,0,0,0,0,0,0,0,0,0,0.0,0,0,0,0.0,0,0,0,0.0,1,0,0,Chicago Bears,NFC,NFC North
Joe Mixon,HOU,RB,1,1,0,0.0,0.0,0.0,0.0,0.0,0.0,0.0,0.0,0.0,0.0,0.0,0.0,0.0,0.0,0.0,0.0,0.0,0.0,0.0,0.0,0.0,0.0,0.0,30,159,1,9,13,5.3,159.0,0,0,0,0,0.0,0,0,0,0.0,0,0,0,0.0,0,0,0,Houston Texans,AFC,AFC South
Jordan Mason,SFO,RB,1,1,0,0.0,0.0,0.0,0.0,0.0,0.0,0.0,0.0,0.0,0.0,0.0,0.0,0.0,0.0,0.0,0.0,0.0,0.0,0.0,0.0,0.0,0.0,0.0,28,147,1,8,24,5.3,147.0,0,0,0,0,0.0,0,0,0,0.0,0,0,0,0.0,0,0,0,San Francisco 49ers,NFC,NFC West
Rhamondre Stevenson,NWE,RB,1,1,0,0.0,0.0,0.0,0.0,0.0,0.0,0.0,0.0,0.0,0.0,0.0,0.0,0.0,0.0,0.0,0.0,0.0,0.0,0.0,0.0,0.0,0.0,0.0,25,120,1,8,17,4.8,120.0,1,0,0,0,0.0,0,0,0,0.0,0,0,0,0.0,0,0,0,New England Patriots,AFC,AFC East
Saquon Barkley,PHI,RB,1,1,0,0.0,0.0,0.0,0.0,0.0,0.0,0.0,0.0,0.0,0.0,0.0,0.0,0.0,0.0,0.0,0.0,0.0,0.0,0.0,0.0,0.0,0.0,0.0,24,109,2,6,34,4.5,109.0,0,0,0,0,0.0,0,0,0,0.0,0,0,0,0.0,0,0,0,Philadelphia Eagles,NFC,NFC East
Najee Harris,PIT,RB,1,1,0,0.0,0.0,0.0,0.0,0.0,0.0,0.0,0.0,0.0,0.0,0.0,0.0,0.0,0.0,0.0,0.0,0.0,0.0,0.0,0.0,0.0,0.0,0.0,20,70,0,3,20,3.5,70.0,0,0,0,0,0.0,0,0,0,0.0,0,0,0,0.0,0,0,0,Pittsburgh Steelers,AFC,AFC North
Kenneth Walker III,SEA,RB,1,1,0,0.0,0.0,0.0,0.0,0.0,0.0,0.0,0.0,0.0,0.0,0.0,0.0,0.0,0.0,0.0,0.0,0.0,0.0,0.0,0.0,0.0,0.0,0.0,20,103,1,4,23,5.2,103.0,0,0,0,0,0.0,0,0,0,0.0,0,0,0,0.0,0,0,0,Seattle Seahawks,NFC,NFC West
James Cook,BUF,RB,1,1,0,0.0,0.0,0.0,0.0,0.0,0.0,0.0,0.0,0.0,0.0,0.0,0.0,0.0,0.0,0.0,0.0,0.0,0.0,0.0,0.0,0.0,0.0,0.0,19,71,0,3,15,3.7,71.0,0,0,0,0,0.0,0,0,0,0.0,0,0,0,0.0,0,0,0,Buffalo Bills,AFC,AFC East
Bijan Robinson,ATL,RB,1,1,0,0.0,0.0,0.0,0.0,0.0,0.0,0.0,0.0,0.0,0.0,0.0,0.0,0.0,0.0,0.0,0.0,0.0,0.0,0.0,0.0,0.0,0.0,0.0,18,68,0,5,13,3.8,68.0,0,0,0,0,0.0,0,0,0,0.0,0,0,0,0.0,0,0,0,Atlanta Falcons,NFC,NFC South
Kyren Williams,LAR,RB,1,1,0,0.0,0.0,0.0,0.0,0.0,0.0,0.0,0.0,0.0,0.0,0.0,0.0,0.0,0.0,0.0,0.0,0.0,0.0,0.0,0.0,0.0,0.0,0.0,18,50,1,5,9,2.8,50.0,0,0,0,0,0.0,0,0,0,0.0,0,0,0,0.0,0,0,0,Los Angeles Rams,NFC,NFC West
David Montgomery,DET,RB,1,1,0,0.0,0.0,0.0,0.0,0.0,0.0,0.0,0.0,0.0,0.0,0.0,0.0,0.0,0.0,0.0,0.0,0.0,0.0,0.0,0.0,0.0,0.0,0.0,17,91,1,6,21,5.4,91.0,0,0,0,0,0.0,0,0,0,0.0,0,0,0,0.0,0,0,0,Detroit Lions,NFC,NFC North
James Conner,ARI,RB,1,1,0,0.0,0.0,0.0,0.0,0.0,0.0,0.0,0.0,0.0,0.0,0.0,0.0,0.0,0.0,0.0,0.0,0.0,0.0,0.0,0.0,0.0,0.0,0.0,16,50,1,3,20,3.1,50.0,0,0,0,0,0.0,0,0,0,0.0,0,0,0,0.0,0,0,0,Arizona Cardinals,NFC,NFC West
Jayden Daniels,WAS,QB,1,1,0,0.0,0.0,0.0,0.0,0.0,0.0,0.0,0.0,0.0,0.0,0.0,0.0,0.0,0.0,0.0,0.0,0.0,0.0,0.0,0.0,0.0,0.0,0.0,16,88,2,8,17,5.5,88.0,3,0,0,0,0.0,0,0,0,0.0,0,0,0,0.0,0,0,0,Washington Commanders,NFC,NFC East
Breece Hall,NYJ,RB,1,1,0,0.0,0.0,0.0,0.0,0.0,0.0,0.0,0.0,0.0,0.0,0.0,0.0,0.0,0.0,0.0,0.0,0.0,0.0,0.0,0.0,0.0,0.0,0.0,16,54,1,2,16,3.4,54.0,1,0,0,0,0.0,0,0,0,0.0,0,0,0,0.0,0,0,0,New York Jets,AFC,AFC East
Lamar Jackson,BAL,QB,1,1,0,0.0,0.0,0.0,0.0,0.0,0.0,0.0,0.0,0.0,0.0,0.0,0.0,0.0,0.0,0.0,0.0,0.0,0.0,0.0,0.0,0.0,0.0,0.0,16,122,0,7,16,7.6,122.0,1,0,0,0,0.0,0,0,0,0.0,0,0,0,0.0,0,0,0,Baltimore Ravens,AFC,AFC North
Josh Jacobs,GNB,RB,1,1,0,0.0,0.0,0.0,0.0,0.0,0.0,0.0,0.0,0.0,0.0,0.0,0.0,0.0,0.0,0.0,0.0,0.0,0.0,0.0,0.0,0.0,0.0,0.0,16,84,0,4,32,5.3,84.0,1,0,0,0,0.0,0,0,0,0.0,0,0,0,0.0,0,0,0,Green Bay Packers,NFC,NFC North
Tony Pollard,TEN,RB,1,1,0,0.0,0.0,0.0,0.0,0.0,0.0,0.0,0.0,0.0,0.0,0.0,0.0,0.0,0.0,0.0,0.0,0.0,0.0,0.0,0.0,0.0,0.0,0.0,16,82,1,5,26,5.1,82.0,0,0,0,0,0.0,0,0,0,0.0,0,0,0,0.0,0,0,0,Tennessee Titans,AFC,AFC South
Jonathan Taylor,IND,RB,1,1,0,0.0,0.0,0.0,0.0,0.0,0.0,0.0,0.0,0.0,0.0,0.0,0.0,0.0,0.0,0.0,0.0,0.0,0.0,0.0,0.0,0.0,0.0,0.0,16,48,1,4,7,3.0,48.0,0,0,0,0,0.0,0,0,0,0.0,0,0,0,0.0,0,0,0,Indianapolis Colts,AFC,AFC South
Alvin Kamara,NOR,RB,1,1,0,0.0,0.0,0.0,0.0,0.0,0.0,0.0,0.0,0.0,0.0,0.0,0.0,0.0,0.0,0.0,0.0,0.0,0.0,0.0,0.0,0.0,0.0,0.0,15,83,1,5,17,5.5,83.0,0,0,0,0,0.0,0,0,0,0.0,0,0,0,0.0,0,0,0,New Orleans Saints,NFC,NFC South
Isiah Pacheco,KAN,RB,1,1,0,0.0,0.0,0.0,0.0,0.0,0.0,0.0,0.0,0.0,0.0,0.0,0.0,0.0,0.0,0.0,0.0,0.0,0.0,0.0,0.0,0.0,0.0,0.0,15,45,1,2,5,3.0,45.0,0,0,0,0,0.0,0,0,0,0.0,0,0,0,0.0,0,0,0,Kansas City Chiefs,AFC,AFC West
Rachaad White,TAM,RB,1,1,0,0.0,0.0,0.0,0.0,0.0,0.0,0.0,0.0,0.0,0.0,0.0,0.0,0.0,0.0,0.0,0.0,0.0,0.0,0.0,0.0,0.0,0.0,0.0,15,31,0,1,15,2.1,31.0,0,0,0,0,0.0,0,0,0,0.0,0,0,0,0.0,0,0,0,Tampa Bay Buccaneers,NFC,NFC South
Justin Fields,PIT,QB,1,1,0,0.0,0.0,0.0,0.0,0.0,0.0,0.0,0.0,0.0,0.0,0.0,0.0,0.0,0.0,0.0,0.0,0.0,0.0,0.0,0.0,0.0,0.0,0.0,14,57,0,5,12,4.1,57.0,1,0,0,0,0.0,0,0,0,0.0,0,0,0,0.0,0,0,0,Pittsburgh Steelers,AFC,AFC North
Aaron Jones,MIN,RB,1,1,0,0.0,0.0,0.0,0.0,0.0,0.0,0.0,0.0,0.0,0.0,0.0,0.0,0.0,0.0,0.0,0.0,0.0,0.0,0.0,0.0,0.0,0.0,0.0,14,94,1,6,19,6.7,94.0,0,0,0,0,0.0,0,0,0,0.0,0,0,0,0.0,0,0,0,Minnesota Vikings,NFC,NFC North
Derrick Henry,BAL,RB,1,1,0,0.0,0.0,0.0,0.0,0.0,0.0,0.0,0.0,0.0,0.0,0.0,0.0,0.0,0.0,0.0,0.0,0.0,0.0,0.0,0.0,0.0,0.0,0.0,13,46,1,5,9,3.5,46.0,0,0,0,0,0.0,0,0,0,0.0,0,0,0,0.0,0,0,0,Baltimore Ravens,AFC,AFC North
Jalen Hurts,PHI,QB,1,1,0,0.0,0.0,0.0,0.0,0.0,0.0,0.0,0.0,0.0,0.0,0.0,0.0,0.0,0.0,0.0,0.0,0.0,0.0,0.0,0.0,0.0,0.0,0.0,13,33,0,2,8,2.5,33.0,2,0,0,0,0.0,0,0,0,0.0,0,0,0,0.0,0,0,0,Philadelphia Eagles,NFC,NFC East
Zamir White,LVR,RB,1,1,0,0.0,0.0,0.0,0.0,0.0,0.0,0.0,0.0,0.0,0.0,0.0,0.0,0.0,0.0,0.0,0.0,0.0,0.0,0.0,0.0,0.0,0.0,0.0,13,44,0,1,12,3.4,44.0,1,0,0,0,0.0,0,0,0,0.0,0,0,0,0.0,0,0,0,Las Vegas Raiders,AFC,AFC West
Tank Bigsby,JAX,RB,1,0,0,0.0,0.0,0.0,0.0,0.0,0.0,0.0,0.0,0.0,0.0,0.0,0.0,0.0,0.0,0.0,0.0,0.0,0.0,0.0,0.0,0.0,0.0,0.0,12,73,0,2,26,6.1,73.0,0,0,0,0,0.0,0,0,0,0.0,0,0,0,0.0,0,0,0,Jacksonville Jaguars,AFC,AFC South
Travis Etienne,JAX,RB,1,1,0,0.0,0.0,0.0,0.0,0.0,0.0,0.0,0.0,0.0,0.0,0.0,0.0,0.0,0.0,0.0,0.0,0.0,0.0,0.0,0.0,0.0,0.0,0.0,12,44,1,3,11,3.7,44.0,1,0,0,0,0.0,0,0,0,0.0,0,0,0,0.0,0,0,0,Jacksonville Jaguars,AFC,AFC South
Jerome Ford,CLE,RB,1,1,0,0.0,0.0,0.0,0.0,0.0,0.0,0.0,0.0,0.0,0.0,0.0,0.0,0.0,0.0,0.0,0.0,0.0,0.0,0.0,0.0,0.0,0.0,0.0,12,44,1,2,11,3.7,44.0,0,0,0,0,0.0,0,0,0,0.0,0,0,0,0.0,0,0,0,Cleveland Browns,AFC,AFC North
Brian Robinson Jr.,WAS,RB,1,1,0,0.0,0.0,0.0,0.0,0.0,0.0,0.0,0.0,0.0,0.0,0.0,0.0,0.0,0.0,0.0,0.0,0.0,0.0,0.0,0.0,0.0,0.0,0.0,12,40,1,3,7,3.3,40.0,0,0,0,0,0.0,0,0,0,0.0,0,0,0,0.0,0,0,0,Washington Commanders,NFC,NFC East
Player,Tm,Pos,G,GS,0,0.0,0.0,0.0,0.0,0.0,0.0,0.0,0.0,0.0,0.0,0.0,0.0,0.0,0.0,0.0,0.0,0.0,0.0,0.0,0.0,0.0,0.0,0.0,Att,Yds,TD,1D,Lng,Y/A,Y/G,Fmb,0,0,0,0.0,0,0,0,0.0,0,0,0,0.0,0,0,0,,NFC,
Gus Edwards,LAC,RB,1,1,0,0.0,0.0,0.0,0.0,0.0,0.0,0.0,0.0,0.0,0.0,0.0,0.0,0.0,0.0,0.0,0.0,0.0,0.0,0.0,0.0,0.0,0.0,0.0,11,26,0,1,10,2.4,26.0,0,0,0,0,0.0,0,0,0,0.0,0,0,0,0.0,0,0,0,Los Angeles Chargers,AFC,AFC West
Jahmyr Gibbs,DET,RB,1,0,0,0.0,0.0,0.0,0.0,0.0,0.0,0.0,0.0,0.0,0.0,0.0,0.0,0.0,0.0,0.0,0.0,0.0,0.0,0.0,0.0,0.0,0.0,0.0,11,40,1,3,8,3.6,40.0,0,0,0,0,0.0,0,0,0,0.0,0,0,0,0.0,0,0,0,Detroit Lions,NFC,NFC North
Jamaal Williams,NOR,RB,1,0,0,0.0,0.0,0.0,0.0,0.0,0.0,0.0,0.0,0.0,0.0,0.0,0.0,0.0,0.0,0.0,0.0,0.0,0.0,0.0,0.0,0.0,0.0,0.0,11,38,1,3,14,3.5,38.0,0,0,0,0,0.0,0,0,0,0.0,0,0,0,0.0,0,0,0,New Orleans Saints,NFC,NFC South
De'Von Achane,MIA,RB,1,0,0,0.0,0.0,0.0,0.0,0.0,0.0,0.0,0.0,0.0,0.0,0.0,0.0,0.0,0.0,0.0,0.0,0.0,0.0,0.0,0.0,0.0,0.0,0.0,10,24,1,1,9,2.4,24.0,0,0,0,0,0.0,0,0,0,0.0,0,0,0,0.0,0,0,0,Miami Dolphins,AFC,AFC East
J.K. Dobbins,LAC,RB,1,0,0,0.0,0.0,0.0,0.0,0.0,0.0,0.0,0.0,0.0,0.0,0.0,0.0,0.0,0.0,0.0,0.0,0.0,0.0,0.0,0.0,0.0,0.0,0.0,10,135,1,4,61,13.5,135.0,0,0,0,0,0.0,0,0,0,0.0,0,0,0,0.0,0,0,0,Los Angeles Chargers,AFC,AFC West
Ezekiel Elliott,DAL,RB,1,1,0,0.0,0.0,0.0,0.0,0.0,0.0,0.0,0.0,0.0,0.0,0.0,0.0,0.0,0.0,0.0,0.0,0.0,0.0,0.0,0.0,0.0,0.0,0.0,10,40,1,2,9,4.0,40.0,0,0,0,0,0.0,0,0,0,0.0,0,0,0,0.0,0,0,0,Dallas Cowboys,NFC,NFC East
Jaleel McLaughlin,DEN,RB,1,0,0,0.0,0.0,0.0,0.0,0.0,0.0,0.0,0.0,0.0,0.0,0.0,0.0,0.0,0.0,0.0,0.0,0.0,0.0,0.0,0.0,0.0,0.0,0.0,10,27,0,2,15,2.7,27.0,1,0,0,0,0.0,0,0,0,0.0,0,0,0,0.0,0,0,0,Denver Broncos,AFC,AFC West
Devin Singletary,NYG,RB,1,1,0,0.0,0.0,0.0,0.0,0.0,0.0,0.0,0.0,0.0,0.0,0.0,0.0,0.0,0.0,0.0,0.0,0.0,0.0,0.0,0.0,0.0,0.0,0.0,10,37,0,1,7,3.7,37.0,0,0,0,0,0.0,0,0,0,0.0,0,0,0,0.0,0,0,0,New York Giants,NFC,NFC East
D'Andre Swift,CHI,RB,1,1,0,0.0,0.0,0.0,0.0,0.0,0.0,0.0,0.0,0.0,0.0,0.0,0.0,0.0,0.0,0.0,0.0,0.0,0.0,0.0,0.0,0.0,0.0,0.0,10,30,0,1,20,3.0,30.0,0,0,0,0,0.0,0,0,0,0.0,0,0,0,0.0,0,0,0,Chicago Bears,NFC,NFC North
Josh Allen,BUF,QB,1,1,0,0.0,0.0,0.0,0.0,0.0,0.0,0.0,0.0,0.0,0.0,0.0,0.0,0.0,0.0,0.0,0.0,0.0,0.0,0.0,0.0,0.0,0.0,0.0,9,39,2,4,9,4.3,39.0,1,0,0,0,0.0,0,0,0,0.0,0,0,0,0.0,0,0,0,Buffalo Bills,AFC,AFC East
Bucky Irving,TAM,RB,1,0,0,0.0,0.0,0.0,0.0,0.0,0.0,0.0,0.0,0.0,0.0,0.0,0.0,0.0,0.0,0.0,0.0,0.0,0.0,0.0,0.0,0.0,0.0,0.0,9,62,0,2,31,6.9,62.0,0,0,0,0,0.0,0,0,0,0.0,0,0,0,0.0,0,0,0,Tampa Bay Buccaneers,NFC,NFC South
Zack Moss,CIN,RB,1,1,0,0.0,0.0,0.0,0.0,0.0,0.0,0.0,0.0,0.0,0.0,0.0,0.0,0.0,0.0,0.0,0.0,0.0,0.0,0.0,0.0,0.0,0.0,0.0,9,44,1,4,16,4.9,44.0,0,0,0,0,0.0,0,0,0,0.0,0,0,0,0.0,0,0,0,Cincinnati Bengals,AFC,AFC North
Ty Chandler,MIN,RB,1,0,0,0.0,0.0,0.0,0.0,0.0,0.0,0.0,0.0,0.0,0.0,0.0,0.0,0.0,0.0,0.0,0.0,0.0,0.0,0.0,0.0,0.0,0.0,0.0,8,17,0,0,6,2.1,17.0,0,0,0,0,0.0,0,0,0,0.0,0,0,0,0.0,0,0,0,Minnesota Vikings,NFC,NFC North
Zach Charbonnet,SEA,RB,1,0,0,0.0,0.0,0.0,0.0,0.0,0.0,0.0,0.0,0.0,0.0,0.0,0.0,0.0,0.0,0.0,0.0,0.0,0.0,0.0,0.0,0.0,0.0,0.0,8,12,0,0,6,1.5,12.0,0,0,0,0,0.0,0,0,0,0.0,0,0,0,0.0,0,0,0,Seattle Seahawks,NFC,NFC West
Rico Dowdle,DAL,RB,1,0,0,0.0,0.0,0.0,0.0,0.0,0.0,0.0,0.0,0.0,0.0,0.0,0.0,0.0,0.0,0.0,0.0,0.0,0.0,0.0,0.0,0.0,0.0,0.0,8,26,0,2,10,3.3,26.0,0,0,0,0,0.0,0,0,0,0.0,0,0,0,0.0,0,0,0,Dallas Cowboys,NFC,NFC East
Deebo Samuel,SFO,WR,1,1,0,0.0,0.0,0.0,0.0,0.0,0.0,0.0,0.0,0.0,0.0,0.0,0.0,0.0,0.0,0.0,0.0,0.0,0.0,0.0,0.0,0.0,0.0,0.0,8,23,1,1,6,2.9,23.0,0,0,0,0,0.0,0,0,0,0.0,0,0,0,0.0,0,0,0,San Francisco 49ers,NFC,NFC West
Javonte Williams,DEN,RB,1,1,0,0.0,0.0,0.0,0.0,0.0,0.0,0.0,0.0,0.0,0.0,0.0,0.0,0.0,0.0,0.0,0.0,0.0,0.0,0.0,0.0,0.0,0.0,0.0,8,23,0,1,9,2.9,23.0,0,0,0,0,0.0,0,0,0,0.0,0,0,0,0.0,0,0,0,Denver Broncos,AFC,AFC West
Jacoby Brissett,NWE,QB,1,1,0,0.0,0.0,0.0,0.0,0.0,0.0,0.0,0.0,0.0,0.0,0.0,0.0,0.0,0.0,0.0,0.0,0.0,0.0,0.0,0.0,0.0,0.0,0.0,7,32,0,3,16,4.6,32.0,0,0,0,0,0.0,0,0,0,0.0,0,0,0,0.0,0,0,0,New England Patriots,AFC,AFC East
Antonio Gibson,NWE,RB,1,0,0,0.0,0.0,0.0,0.0,0.0,0.0,0.0,0.0,0.0,0.0,0.0,0.0,0.0,0.0,0.0,0.0,0.0,0.0,0.0,0.0,0.0,0.0,0.0,7,18,0,0,8,2.6,18.0,0,0,0,0,0.0,0,0,0,0.0,0,0,0,0.0,0,0,0,New England Patriots,AFC,AFC East
Chuba Hubbard,CAR,RB,1,1,0,0.0,0.0,0.0,0.0,0.0,0.0,0.0,0.0,0.0,0.0,0.0,0.0,0.0,0.0,0.0,0.0,0.0,0.0,0.0,0.0,0.0,0.0,0.0,6,14,0,1,7,2.3,14.0,0,0,0,0,0.0,0,0,0,0.0,0,0,0,0.0,0,0,0,Carolina Panthers,NFC,NFC South
Daniel Jones,NYG,QB,1,1,0,0.0,0.0,0.0,0.0,0.0,0.0,0.0,0.0,0.0,0.0,0.0,0.0,0.0,0.0,0.0,0.0,0.0,0.0,0.0,0.0,0.0,0.0,0.0,6,15,0,2,7,2.5,15.0,0,0,0,0,0.0,0,0,0,0.0,0,0,0,0.0,0,0,0,New York Giants,NFC,NFC East
Raheem Mostert,MIA,RB,1,1,0,0.0,0.0,0.0,0.0,0.0,0.0,0.0,0.0,0.0,0.0,0.0,0.0,0.0,0.0,0.0,0.0,0.0,0.0,0.0,0.0,0.0,0.0,0.0,6,9,0,0,6,1.5,9.0,0,0,0,0,0.0,0,0,0,0.0,0,0,0,0.0,0,0,0,Miami Dolphins,AFC,AFC East
Anthony Richardson,IND,QB,1,1,0,0.0,0.0,0.0,0.0,0.0,0.0,0.0,0.0,0.0,0.0,0.0,0.0,0.0,0.0,0.0,0.0,0.0,0.0,0.0,0.0,0.0,0.0,0.0,6,56,1,5,19,9.3,56.0,0,0,0,0,0.0,0,0,0,0.0,0,0,0,0.0,0,0,0,Indianapolis Colts,AFC,AFC South
Taysom Hill,NOR,TE,1,1,0,0.0,0.0,0.0,0.0,0.0,0.0,0.0,0.0,0.0,0.0,0.0,0.0,0.0,0.0,0.0,0.0,0.0,0.0,0.0,0.0,0.0,0.0,0.0,5,35,0,4,12,7.0,35.0,0,0,0,0,0.0,0,0,0,0.0,0,0,0,0.0,0,0,0,New Orleans Saints,NFC,NFC South
Alexander Mattison,LVR,RB,1,0,0,0.0,0.0,0.0,0.0,0.0,0.0,0.0,0.0,0.0,0.0,0.0,0.0,0.0,0.0,0.0,0.0,0.0,0.0,0.0,0.0,0.0,0.0,0.0,5,19,0,0,7,3.8,19.0,0,0,0,0,0.0,0,0,0,0.0,0,0,0,0.0,0,0,0,Las Vegas Raiders,AFC,AFC West
Kyler Murray,ARI,QB,1,1,0,0.0,0.0,0.0,0.0,0.0,0.0,0.0,0.0,0.0,0.0,0.0,0.0,0.0,0.0,0.0,0.0,0.0,0.0,0.0,0.0,0.0,0.0,0.0,5,57,0,3,29,11.4,57.0,1,0,0,0,0.0,0,0,0,0.0,0,0,0,0.0,0,0,0,Arizona Cardinals,NFC,NFC West
Bo Nix,DEN,QB,1,1,0,0.0,0.0,0.0,0.0,0.0,0.0,0.0,0.0,0.0,0.0,0.0,0.0,0.0,0.0,0.0,0.0,0.0,0.0,0.0,0.0,0.0,0.0,0.0,5,35,1,3,23,7.0,35.0,0,0,0,0,0.0,0,0,0,0.0,0,0,0,0.0,0,0,0,Denver Broncos,AFC,AFC West
Miles Sanders,CAR,RB,1,0,0,0.0,0.0,0.0,0.0,0.0,0.0,0.0,0.0,0.0,0.0,0.0,0.0,0.0,0.0,0.0,0.0,0.0,0.0,0.0,0.0,0.0,0.0,0.0,5,22,0,0,8,4.4,22.0,0,0,0,0,0.0,0,0,0,0.0,0,0,0,0.0,0,0,0,Carolina Panthers,NFC,NFC South
Deshaun Watson,CLE,QB,1,1,0,0.0,0.0,0.0,0.0,0.0,0.0,0.0,0.0,0.0,0.0,0.0,0.0,0.0,0.0,0.0,0.0,0.0,0.0,0.0,0.0,0.0,0.0,0.0,5,39,0,2,16,7.8,39.0,1,0,0,0,0.0,0,0,0,0.0,0,0,0,0.0,0,0,0,Cleveland Browns,AFC,AFC North
Caleb Williams,CHI,QB,1,1,0,0.0,0.0,0.0,0.0,0.0,0.0,0.0,0.0,0.0,0.0,0.0,0.0,0.0,0.0,0.0,0.0,0.0,0.0,0.0,0.0,0.0,0.0,0.0,5,15,0,1,11,3.0,15.0,1,0,0,0,0.0,0,0,0,0.0,0,0,0,0.0,0,0,0,Chicago Bears,NFC,NFC North
Player,Tm,Pos,G,GS,0,0.0,0.0,0.0,0.0,0.0,0.0,0.0,0.0,0.0,0.0,0.0,0.0,0.0,0.0,0.0,0.0,0.0,0.0,0.0,0.0,0.0,0.0,0.0,Att,Yds,TD,1D,Lng,Y/A,Y/G,Fmb,0,0,0,0.0,0,0,0,0.0,0,0,0,0.0,0,0,0,,NFC,
Jeff Wilson,MIA,RB,1,0,0,0.0,0.0,0.0,0.0,0.0,0.0,0.0,0.0,0.0,0.0,0.0,0.0,0.0,0.0,0.0,0.0,0.0,0.0,0.0,0.0,0.0,0.0,0.0,5,26,0,1,14,5.2,26.0,0,0,0,0,0.0,0,0,0,0.0,0,0,0,0.0,0,0,0,Miami Dolphins,AFC,AFC East
Mike Boone,CAR,RB,1,0,0,0.0,0.0,0.0,0.0,0.0,0.0,0.0,0.0,0.0,0.0,0.0,0.0,0.0,0.0,0.0,0.0,0.0,0.0,0.0,0.0,0.0,0.0,0.0,4,7,0,0,5,1.8,7.0,0,0,0,0,0.0,0,0,0,0.0,0,0,0,0.0,0,0,0,Carolina Panthers,NFC,NFC South
Joe Burrow,CIN,QB,1,1,0,0.0,0.0,0.0,0.0,0.0,0.0,0.0,0.0,0.0,0.0,0.0,0.0,0.0,0.0,0.0,0.0,0.0,0.0,0.0,0.0,0.0,0.0,0.0,4,15,0,1,6,3.8,15.0,1,0,0,0,0.0,0,0,0,0.0,0,0,0,0.0,0,0,0,Cincinnati Bengals,AFC,AFC North
Justin Herbert,LAC,QB,1,1,0,0.0,0.0,0.0,0.0,0.0,0.0,0.0,0.0,0.0,0.0,0.0,0.0,0.0,0.0,0.0,0.0,0.0,0.0,0.0,0.0,0.0,0.0,0.0,4,6,0,0,8,1.5,6.0,0,0,0,0,0.0,0,0,0,0.0,0,0,0,0.0,0,0,0,Los Angeles Chargers,AFC,AFC West
Will Levis,TEN,QB,1,1,0,0.0,0.0,0.0,0.0,0.0,0.0,0.0,0.0,0.0,0.0,0.0,0.0,0.0,0.0,0.0,0.0,0.0,0.0,0.0,0.0,0.0,0.0,0.0,4,36,0,2,15,9.0,36.0,1,0,0,0,0.0,0,0,0,0.0,0,0,0,0.0,0,0,0,Tennessee Titans,AFC,AFC South
Jordan Mims,NOR,RB,1,0,0,0.0,0.0,0.0,0.0,0.0,0.0,0.0,0.0,0.0,0.0,0.0,0.0,0.0,0.0,0.0,0.0,0.0,0.0,0.0,0.0,0.0,0.0,0.0,4,11,0,0,5,2.8,11.0,0,0,0,0,0.0,0,0,0,0.0,0,0,0,0.0,0,0,0,New Orleans Saints,NFC,NFC South
Cordarrelle Patterson,PIT,RB,1,0,0,0.0,0.0,0.0,0.0,0.0,0.0,0.0,0.0,0.0,0.0,0.0,0.0,0.0,0.0,0.0,0.0,0.0,0.0,0.0,0.0,0.0,0.0,0.0,4,13,0,0,5,3.3,13.0,0,0,0,0,0.0,0,0,0,0.0,0,0,0,0.0,0,0,0,Pittsburgh Steelers,AFC,AFC North
Geno Smith,SEA,QB,1,1,0,0.0,0.0,0.0,0.0,0.0,0.0,0.0,0.0,0.0,0.0,0.0,0.0,0.0,0.0,0.0,0.0,0.0,0.0,0.0,0.0,0.0,0.0,0.0,4,30,1,1,34,7.5,30.0,0,0,0,0,0.0,0,0,0,0.0,0,0,0,0.0,0,0,0,Seattle Seahawks,NFC,NFC West
Tyjae Spears,TEN,RB,1,0,0,0.0,0.0,0.0,0.0,0.0,0.0,0.0,0.0,0.0,0.0,0.0,0.0,0.0,0.0,0.0,0.0,0.0,0.0,0.0,0.0,0.0,0.0,0.0,4,21,0,2,11,5.3,21.0,0,0,0,0,0.0,0,0,0,0.0,0,0,0,0.0,0,0,0,Tennessee Titans,AFC,AFC South
C.J. Stroud,HOU,QB,1,1,0,0.0,0.0,0.0,0.0,0.0,0.0,0.0,0.0,0.0,0.0,0.0,0.0,0.0,0.0,0.0,0.0,0.0,0.0,0.0,0.0,0.0,0.0,0.0,4,13,0,0,13,3.3,13.0,0,0,0,0,0.0,0,0,0,0.0,0,0,0,0.0,0,0,0,Houston Texans,AFC,AFC South
Emanuel Wilson,GNB,RB,1,0,0,0.0,0.0,0.0,0.0,0.0,0.0,0.0,0.0,0.0,0.0,0.0,0.0,0.0,0.0,0.0,0.0,0.0,0.0,0.0,0.0,0.0,0.0,0.0,4,46,0,2,18,11.5,46.0,0,0,0,0,0.0,0,0,0,0.0,0,0,0,0.0,0,0,0,Green Bay Packers,NFC,NFC North
Bryce Young,CAR,QB,1,1,0,0.0,0.0,0.0,0.0,0.0,0.0,0.0,0.0,0.0,0.0,0.0,0.0,0.0,0.0,0.0,0.0,0.0,0.0,0.0,0.0,0.0,0.0,0.0,4,12,1,1,4,3.0,12.0,0,0,0,0,0.0,0,0,0,0.0,0,0,0,0.0,0,0,0,Carolina Panthers,NFC,NFC South
Tyler Allgeier,ATL,RB,1,0,0,0.0,0.0,0.0,0.0,0.0,0.0,0.0,0.0,0.0,0.0,0.0,0.0,0.0,0.0,0.0,0.0,0.0,0.0,0.0,0.0,0.0,0.0,0.0,3,21,0,1,13,7.0,21.0,0,0,0,0,0.0,0,0,0,0.0,0,0,0,0.0,0,0,0,Atlanta Falcons,NFC,NFC South
Trey Benson,ARI,RB,1,0,0,0.0,0.0,0.0,0.0,0.0,0.0,0.0,0.0,0.0,0.0,0.0,0.0,0.0,0.0,0.0,0.0,0.0,0.0,0.0,0.0,0.0,0.0,0.0,3,13,0,1,6,4.3,13.0,0,0,0,0,0.0,0,0,0,0.0,0,0,0,0.0,0,0,0,Arizona Cardinals,NFC,NFC West
Chase Brown,CIN,RB,1,0,0,0.0,0.0,0.0,0.0,0.0,0.0,0.0,0.0,0.0,0.0,0.0,0.0,0.0,0.0,0.0,0.0,0.0,0.0,0.0,0.0,0.0,0.0,0.0,3,11,0,0,8,3.7,11.0,0,0,0,0,0.0,0,0,0,0.0,0,0,0,0.0,0,0,0,Cincinnati Bengals,AFC,AFC North
Sam Darnold,MIN,QB,1,1,0,0.0,0.0,0.0,0.0,0.0,0.0,0.0,0.0,0.0,0.0,0.0,0.0,0.0,0.0,0.0,0.0,0.0,0.0,0.0,0.0,0.0,0.0,0.0,3,3,0,1,3,1.0,3.0,0,0,0,0,0.0,0,0,0,0.0,0,0,0,0.0,0,0,0,Minnesota Vikings,NFC,NFC North
Ray Davis,BUF,RB,1,0,0,0.0,0.0,0.0,0.0,0.0,0.0,0.0,0.0,0.0,0.0,0.0,0.0,0.0,0.0,0.0,0.0,0.0,0.0,0.0,0.0,0.0,0.0,0.0,3,13,0,1,13,4.3,13.0,0,0,0,0,0.0,0,0,0,0.0,0,0,0,0.0,0,0,0,Buffalo Bills,AFC,AFC East
CeeDee Lamb,DAL,WR,1,1,0,0.0,0.0,0.0,0.0,0.0,0.0,0.0,0.0,0.0,0.0,0.0,0.0,0.0,0.0,0.0,0.0,0.0,0.0,0.0,0.0,0.0,0.0,0.0,3,25,0,2,12,8.3,25.0,0,0,0,0,0.0,0,0,0,0.0,0,0,0,0.0,0,0,0,Dallas Cowboys,NFC,NFC East
Baker Mayfield,TAM,QB,1,1,0,0.0,0.0,0.0,0.0,0.0,0.0,0.0,0.0,0.0,0.0,0.0,0.0,0.0,0.0,0.0,0.0,0.0,0.0,0.0,0.0,0.0,0.0,0.0,3,21,0,1,11,7.0,21.0,0,0,0,0,0.0,0,0,0,0.0,0,0,0,0.0,0,0,0,Tampa Bay Buccaneers,NFC,NFC South
Gardner Minshew II,LVR,QB,1,1,0,0.0,0.0,0.0,0.0,0.0,0.0,0.0,0.0,0.0,0.0,0.0,0.0,0.0,0.0,0.0,0.0,0.0,0.0,0.0,0.0,0.0,0.0,0.0,3,5,0,0,3,1.7,5.0,1,0,0,0,0.0,0,0,0,0.0,0,0,0,0.0,0,0,0,Las Vegas Raiders,AFC,AFC West
Dameon Pierce,HOU,RB,1,0,0,0.0,0.0,0.0,0.0,0.0,0.0,0.0,0.0,0.0,0.0,0.0,0.0,0.0,0.0,0.0,0.0,0.0,0.0,0.0,0.0,0.0,0.0,0.0,3,16,0,1,9,5.3,16.0,0,0,0,0,0.0,0,0,0,0.0,0,0,0,0.0,0,0,0,Houston Texans,AFC,AFC South
Treylon Burks,TEN,WR,1,0,0,0.0,0.0,0.0,0.0,0.0,0.0,0.0,0.0,0.0,0.0,0.0,0.0,0.0,0.0,0.0,0.0,0.0,0.0,0.0,0.0,0.0,0.0,0.0,2,1,0,0,6,0.5,1.0,0,0,0,0,0.0,0,0,0,0.0,0,0,0,0.0,0,0,0,Tennessee Titans,AFC,AFC South
Derek Carr,NOR,QB,1,1,0,0.0,0.0,0.0,0.0,0.0,0.0,0.0,0.0,0.0,0.0,0.0,0.0,0.0,0.0,0.0,0.0,0.0,0.0,0.0,0.0,0.0,0.0,0.0,2,13,0,1,8,6.5,13.0,0,0,0,0,0.0,0,0,0,0.0,0,0,0,0.0,0,0,0,New Orleans Saints,NFC,NFC South
Derius Davis,LAC,WR,1,0,0,0.0,0.0,0.0,0.0,0.0,0.0,0.0,0.0,0.0,0.0,0.0,0.0,0.0,0.0,0.0,0.0,0.0,0.0,0.0,0.0,0.0,0.0,0.0,2,9,0,0,6,4.5,9.0,0,0,0,0,0.0,0,0,0,0.0,0,0,0,0.0,0,0,0,Los Angeles Chargers,AFC,AFC West
Tank Dell,HOU,WR,1,1,0,0.0,0.0,0.0,0.0,0.0,0.0,0.0,0.0,0.0,0.0,0.0,0.0,0.0,0.0,0.0,0.0,0.0,0.0,0.0,0.0,0.0,0.0,0.0,2,19,0,1,17,9.5,19.0,0,0,0,0,0.0,0,0,0,0.0,0,0,0,0.0,0,0,0,Houston Texans,AFC,AFC South
Austin Ekeler,WAS,RB,1,0,0,0.0,0.0,0.0,0.0,0.0,0.0,0.0,0.0,0.0,0.0,0.0,0.0,0.0,0.0,0.0,0.0,0.0,0.0,0.0,0.0,0.0,0.0,0.0,2,10,0,1,6,5.0,10.0,0,0,0,0,0.0,0,0,0,0.0,0,0,0,0.0,0,0,0,Washington Commanders,NFC,NFC East
Audric Estime,DEN,RB,1,0,0,0.0,0.0,0.0,0.0,0.0,0.0,0.0,0.0,0.0,0.0,0.0,0.0,0.0,0.0,0.0,0.0,0.0,0.0,0.0,0.0,0.0,0.0,0.0,2,14,0,1,12,7.0,14.0,1,0,0,0,0.0,0,0,0,0.0,0,0,0,0.0,0,0,0,Denver Broncos,AFC,AFC West
Zay Flowers,BAL,WR,1,1,0,0.0,0.0,0.0,0.0,0.0,0.0,0.0,0.0,0.0,0.0,0.0,0.0,0.0,0.0,0.0,0.0,0.0,0.0,0.0,0.0,0.0,0.0,0.0,2,14,0,0,8,7.0,14.0,0,0,0,0,0.0,0,0,0,0.0,0,0,0,0.0,0,0,0,Baltimore Ravens,AFC,AFC North
Eric Gray,NYG,RB,1,0,0,0.0,0.0,0.0,0.0,0.0,0.0,0.0,0.0,0.0,0.0,0.0,0.0,0.0,0.0,0.0,0.0,0.0,0.0,0.0,0.0,0.0,0.0,0.0,2,6,0,1,6,3.0,6.0,0,0,0,0,0.0,0,0,0,0.0,0,0,0,0.0,0,0,0,New York Giants,NFC,NFC East
Khalil Herbert,CHI,RB,1,0,0,0.0,0.0,0.0,0.0,0.0,0.0,0.0,0.0,0.0,0.0,0.0,0.0,0.0,0.0,0.0,0.0,0.0,0.0,0.0,0.0,0.0,0.0,0.0,2,4,0,1,4,2.0,4.0,0,0,0,0,0.0,0,0,0,0.0,0,0,0,0.0,0,0,0,Chicago Bears,NFC,NFC North
Player,Tm,Pos,G,GS,0,0.0,0.0,0.0,0.0,0.0,0.0,0.0,0.0,0.0,0.0,0.0,0.0,0.0,0.0,0.0,0.0,0.0,0.0,0.0,0.0,0.0,0.0,0.0,Att,Yds,TD,1D,Lng,Y/A,Y/G,Fmb,0,0,0,0.0,0,0,0,0.0,0,0,0,0.0,0,0,0,,NFC,
Travis Homer,CHI,RB,1,0,0,0.0,0.0,0.0,0.0,0.0,0.0,0.0,0.0,0.0,0.0,0.0,0.0,0.0,0.0,0.0,0.0,0.0,0.0,0.0,0.0,0.0,0.0,0.0,2,10,0,1,6,5.0,10.0,0,0,0,0,0.0,0,0,0,0.0,0,0,0,0.0,0,0,0,Chicago Bears,NFC,NFC North
Alec Ingold,MIA,FB,1,0,0,0.0,0.0,0.0,0.0,0.0,0.0,0.0,0.0,0.0,0.0,0.0,0.0,0.0,0.0,0.0,0.0,0.0,0.0,0.0,0.0,0.0,0.0,0.0,2,8,0,2,6,4.0,8.0,0,0,0,0,0.0,0,0,0,0.0,0,0,0,0.0,0,0,0,Miami Dolphins,AFC,AFC East
Ty Johnson,BUF,RB,1,0,0,0.0,0.0,0.0,0.0,0.0,0.0,0.0,0.0,0.0,0.0,0.0,0.0,0.0,0.0,0.0,0.0,0.0,0.0,0.0,0.0,0.0,0.0,0.0,2,7,0,0,6,3.5,7.0,0,0,0,0,0.0,0,0,0,0.0,0,0,0,0.0,0,0,0,Buffalo Bills,AFC,AFC East
Velus Jones Jr.,CHI,WR,1,0,0,0.0,0.0,0.0,0.0,0.0,0.0,0.0,0.0,0.0,0.0,0.0,0.0,0.0,0.0,0.0,0.0,0.0,0.0,0.0,0.0,0.0,0.0,0.0,2,11,0,1,6,5.5,11.0,1,0,0,0,0.0,0,0,0,0.0,0,0,0,0.0,0,0,0,Chicago Bears,NFC,NFC North
Cooper Kupp,LAR,WR,1,1,0,0.0,0.0,0.0,0.0,0.0,0.0,0.0,0.0,0.0,0.0,0.0,0.0,0.0,0.0,0.0,0.0,0.0,0.0,0.0,0.0,0.0,0.0,0.0,2,10,0,1,9,5.0,10.0,0,0,0,0,0.0,0,0,0,0.0,0,0,0,0.0,0,0,0,Los Angeles Rams,NFC,NFC West
Patrick Mahomes,KAN,QB,1,1,0,0.0,0.0,0.0,0.0,0.0,0.0,0.0,0.0,0.0,0.0,0.0,0.0,0.0,0.0,0.0,0.0,0.0,0.0,0.0,0.0,0.0,0.0,0.0,2,3,0,1,4,1.5,3.0,0,0,0,0,0.0,0,0,0,0.0,0,0,0,0.0,0,0,0,Kansas City Chiefs,AFC,AFC West
Ronnie Rivers,LAR,RB,1,0,0,0.0,0.0,0.0,0.0,0.0,0.0,0.0,0.0,0.0,0.0,0.0,0.0,0.0,0.0,0.0,0.0,0.0,0.0,0.0,0.0,0.0,0.0,0.0,2,16,0,2,12,8.0,16.0,0,0,0,0,0.0,0,0,0,0.0,0,0,0,0.0,0,0,0,Los Angeles Rams,NFC,NFC West
Carson Steele,KAN,FB,1,0,0,0.0,0.0,0.0,0.0,0.0,0.0,0.0,0.0,0.0,0.0,0.0,0.0,0.0,0.0,0.0,0.0,0.0,0.0,0.0,0.0,0.0,0.0,0.0,2,3,0,0,5,1.5,3.0,0,0,0,0,0.0,0,0,0,0.0,0,0,0,0.0,0,0,0,Kansas City Chiefs,AFC,AFC West
Pierre Strong,CLE,RB,1,0,0,0.0,0.0,0.0,0.0,0.0,0.0,0.0,0.0,0.0,0.0,0.0,0.0,0.0,0.0,0.0,0.0,0.0,0.0,0.0,0.0,0.0,0.0,0.0,2,10,0,1,6,5.0,10.0,0,0,0,0,0.0,0,0,0,0.0,0,0,0,0.0,0,0,0,Cleveland Browns,AFC,AFC North
Tyrone Tracy,NYG,RB,1,0,0,0.0,0.0,0.0,0.0,0.0,0.0,0.0,0.0,0.0,0.0,0.0,0.0,0.0,0.0,0.0,0.0,0.0,0.0,0.0,0.0,0.0,0.0,0.0,2,2,0,0,2,1.0,2.0,0,0,0,0,0.0,0,0,0,0.0,0,0,0,0.0,0,0,0,New York Giants,NFC,NFC East
Kyle Trask,TAM,QB,1,0,0,0.0,0.0,0.0,0.0,0.0,0.0,0.0,0.0,0.0,0.0,0.0,0.0,0.0,0.0,0.0,0.0,0.0,0.0,0.0,0.0,0.0,0.0,0.0,2,-2,0,0,-1,-1.0,-2.0,0,0,0,0,0.0,0,0,0,0.0,0,0,0,0.0,0,0,0,Tampa Bay Buccaneers,NFC,NFC South
Jaylen Warren,PIT,RB,1,0,0,0.0,0.0,0.0,0.0,0.0,0.0,0.0,0.0,0.0,0.0,0.0,0.0,0.0,0.0,0.0,0.0,0.0,0.0,0.0,0.0,0.0,0.0,0.0,2,7,0,1,8,3.5,7.0,0,0,0,0,0.0,0,0,0,0.0,0,0,0,0.0,0,0,0,Pittsburgh Steelers,AFC,AFC North
Braelon Allen,NYJ,RB,1,0,0,0.0,0.0,0.0,0.0,0.0,0.0,0.0,0.0,0.0,0.0,0.0,0.0,0.0,0.0,0.0,0.0,0.0,0.0,0.0,0.0,0.0,0.0,0.0,1,8,0,1,8,8.0,8.0,0,0,0,0,0.0,0,0,0,0.0,0,0,0,0.0,0,0,0,New York Jets,AFC,AFC East
Brandon Allen,SFO,QB,1,0,0,0.0,0.0,0.0,0.0,0.0,0.0,0.0,0.0,0.0,0.0,0.0,0.0,0.0,0.0,0.0,0.0,0.0,0.0,0.0,0.0,0.0,0.0,0.0,1,-1,0,0,-1,-1.0,-1.0,0,0,0,0,0.0,0,0,0,0.0,0,0,0,0.0,0,0,0,San Francisco 49ers,NFC,NFC West
Brandin Cooks,DAL,WR,1,1,0,0.0,0.0,0.0,0.0,0.0,0.0,0.0,0.0,0.0,0.0,0.0,0.0,0.0,0.0,0.0,0.0,0.0,0.0,0.0,0.0,0.0,0.0,0.0,1,5,0,0,5,5.0,5.0,0,0,0,0,0.0,0,0,0,0.0,0,0,0,0.0,0,0,0,Dallas Cowboys,NFC,NFC East
Kirk Cousins,ATL,QB,1,1,0,0.0,0.0,0.0,0.0,0.0,0.0,0.0,0.0,0.0,0.0,0.0,0.0,0.0,0.0,0.0,0.0,0.0,0.0,0.0,0.0,0.0,0.0,0.0,1,0,0,0,0,0.0,0.0,0,0,0,0,0.0,0,0,0,0.0,0,0,0,0.0,0,0,0,Atlanta Falcons,NFC,NFC South
Stefon Diggs,HOU,WR,1,1,0,0.0,0.0,0.0,0.0,0.0,0.0,0.0,0.0,0.0,0.0,0.0,0.0,0.0,0.0,0.0,0.0,0.0,0.0,0.0,0.0,0.0,0.0,0.0,1,6,0,0,6,6.0,6.0,0,0,0,0,0.0,0,0,0,0.0,0,0,0,0.0,0,0,0,Houston Texans,AFC,AFC South
Greg Dortch,ARI,WR,1,1,0,0.0,0.0,0.0,0.0,0.0,0.0,0.0,0.0,0.0,0.0,0.0,0.0,0.0,0.0,0.0,0.0,0.0,0.0,0.0,0.0,0.0,0.0,0.0,1,4,0,0,4,4.0,4.0,0,0,0,0,0.0,0,0,0,0.0,0,0,0,0.0,0,0,0,Arizona Cardinals,NFC,NFC West
Devin Duvernay,JAX,WR,1,0,0,0.0,0.0,0.0,0.0,0.0,0.0,0.0,0.0,0.0,0.0,0.0,0.0,0.0,0.0,0.0,0.0,0.0,0.0,0.0,0.0,0.0,0.0,0.0,1,3,0,1,3,3.0,3.0,0,0,0,0,0.0,0,0,0,0.0,0,0,0,0.0,0,0,0,Jacksonville Jaguars,AFC,AFC South
Kenneth Gainwell,PHI,RB,1,0,0,0.0,0.0,0.0,0.0,0.0,0.0,0.0,0.0,0.0,0.0,0.0,0.0,0.0,0.0,0.0,0.0,0.0,0.0,0.0,0.0,0.0,0.0,0.0,1,2,0,0,2,2.0,2.0,0,0,0,0,0.0,0,0,0,0.0,0,0,0,0.0,0,0,0,Philadelphia Eagles,NFC,NFC East
Myles Gaskin,MIN,RB,1,0,0,0.0,0.0,0.0,0.0,0.0,0.0,0.0,0.0,0.0,0.0,0.0,0.0,0.0,0.0,0.0,0.0,0.0,0.0,0.0,0.0,0.0,0.0,0.0,1,-3,0,0,-3,-3.0,-3.0,0,0,0,0,0.0,0,0,0,0.0,0,0,0,0.0,0,0,0,Minnesota Vikings,NFC,NFC North
Jared Goff,DET,QB,1,1,0,0.0,0.0,0.0,0.0,0.0,0.0,0.0,0.0,0.0,0.0,0.0,0.0,0.0,0.0,0.0,0.0,0.0,0.0,0.0,0.0,0.0,0.0,0.0,1,7,0,1,7,7.0,7.0,0,0,0,0,0.0,0,0,0,0.0,0,0,0,0.0,0,0,0,Detroit Lions,NFC,NFC North
Justice Hill,BAL,RB,1,0,0,0.0,0.0,0.0,0.0,0.0,0.0,0.0,0.0,0.0,0.0,0.0,0.0,0.0,0.0,0.0,0.0,0.0,0.0,0.0,0.0,0.0,0.0,0.0,1,3,0,1,3,3.0,3.0,0,0,0,0,0.0,0,0,0,0.0,0,0,0,0.0,0,0,0,Baltimore Ravens,AFC,AFC North
Kameron Johnson,TAM,WR,1,0,0,0.0,0.0,0.0,0.0,0.0,0.0,0.0,0.0,0.0,0.0,0.0,0.0,0.0,0.0,0.0,0.0,0.0,0.0,0.0,0.0,0.0,0.0,0.0,1,0,0,0,0,0.0,0.0,0,0,0,0,0.0,0,0,0,0.0,0,0,0,0.0,0,0,0,Tampa Bay Buccaneers,NFC,NFC South
Trevor Lawrence,JAX,QB,1,1,0,0.0,0.0,0.0,0.0,0.0,0.0,0.0,0.0,0.0,0.0,0.0,0.0,0.0,0.0,0.0,0.0,0.0,0.0,0.0,0.0,0.0,0.0,0.0,1,8,0,1,8,8.0,8.0,0,0,0,0,0.0,0,0,0,0.0,0,0,0,0.0,0,0,0,Jacksonville Jaguars,AFC,AFC South
Jakobi Meyers,LVR,WR,1,1,0,0.0,0.0,0.0,0.0,0.0,0.0,0.0,0.0,0.0,0.0,0.0,0.0,0.0,0.0,0.0,0.0,0.0,0.0,0.0,0.0,0.0,0.0,0.0,1,3,0,0,3,3.0,3.0,0,0,0,0,0.0,0,0,0,0.0,0,0,0,0.0,0,0,0,Las Vegas Raiders,AFC,AFC West
Jonathan Mingo,CAR,WR,1,0,0,0.0,0.0,0.0,0.0,0.0,0.0,0.0,0.0,0.0,0.0,0.0,0.0,0.0,0.0,0.0,0.0,0.0,0.0,0.0,0.0,0.0,0.0,0.0,1,3,0,0,3,3.0,3.0,1,0,0,0,0.0,0,0,0,0.0,0,0,0,0.0,0,0,0,Carolina Panthers,NFC,NFC South
D.J. Moore,CHI,WR,1,1,0,0.0,0.0,0.0,0.0,0.0,0.0,0.0,0.0,0.0,0.0,0.0,0.0,0.0,0.0,0.0,0.0,0.0,0.0,0.0,0.0,0.0,0.0,0.0,1,14,0,1,14,14.0,14.0,0,0,0,0,0.0,0,0,0,0.0,0,0,0,0.0,0,0,0,Chicago Bears,NFC,NFC North
Puka Nacua,LAR,WR,1,1,0,0.0,0.0,0.0,0.0,0.0,0.0,0.0,0.0,0.0,0.0,0.0,0.0,0.0,0.0,0.0,0.0,0.0,0.0,0.0,0.0,0.0,0.0,0.0,1,7,0,0,7,7.0,7.0,0,0,0,0,0.0,0,0,0,0.0,0,0,0,0.0,0,0,0,Los Angeles Rams,NFC,NFC West
George Pickens,PIT,WR,1,1,0,0.0,0.0,0.0,0.0,0.0,0.0,0.0,0.0,0.0,0.0,0.0,0.0,0.0,0.0,0.0,0.0,0.0,0.0,0.0,0.0,0.0,0.0,0.0,1,-10,0,0,-10,-10.0,-10.0,0,0,0,0,0.0,0,0,0,0.0,0,0,0,0.0,0,0,0,Pittsburgh Steelers,AFC,AFC North
Player,Tm,Pos,G,GS,0,0.0,0.0,0.0,0.0,0.0,0.0,0.0,0.0,0.0,0.0,0.0,0.0,0.0,0.0,0.0,0.0,0.0,0.0,0.0,0.0,0.0,0.0,0.0,Att,Yds,TD,1D,Lng,Y/A,Y/G,Fmb,0,0,0,0.0,0,0,0,0.0,0,0,0,0.0,0,0,0,,NFC,
Dak Prescott,DAL,QB,1,1,0,0.0,0.0,0.0,0.0,0.0,0.0,0.0,0.0,0.0,0.0,0.0,0.0,0.0,0.0,0.0,0.0,0.0,0.0,0.0,0.0,0.0,0.0,0.0,1,3,0,1,3,3.0,3.0,1,0,0,0,0.0,0,0,0,0.0,0,0,0,0.0,0,0,0,Dallas Cowboys,NFC,NFC East
Brock Purdy,SFO,QB,1,1,0,0.0,0.0,0.0,0.0,0.0,0.0,0.0,0.0,0.0,0.0,0.0,0.0,0.0,0.0,0.0,0.0,0.0,0.0,0.0,0.0,0.0,0.0,0.0,1,11,0,1,11,11.0,11.0,0,0,0,0,0.0,0,0,0,0.0,0,0,0,0.0,0,0,0,San Francisco 49ers,NFC,NFC West
Kalif Raymond,DET,WR,1,0,0,0.0,0.0,0.0,0.0,0.0,0.0,0.0,0.0,0.0,0.0,0.0,0.0,0.0,0.0,0.0,0.0,0.0,0.0,0.0,0.0,0.0,0.0,0.0,1,12,0,1,12,12.0,12.0,0,0,0,0,0.0,0,0,0,0.0,0,0,0,0.0,0,0,0,Detroit Lions,NFC,NFC North
Jayden Reed,GNB,WR,1,0,0,0.0,0.0,0.0,0.0,0.0,0.0,0.0,0.0,0.0,0.0,0.0,0.0,0.0,0.0,0.0,0.0,0.0,0.0,0.0,0.0,0.0,0.0,0.0,1,33,1,1,33,33.0,33.0,0,0,0,0,0.0,0,0,0,0.0,0,0,0,0.0,0,0,0,Green Bay Packers,NFC,NFC North
Wan'Dale Robinson,NYG,WR,1,0,0,0.0,0.0,0.0,0.0,0.0,0.0,0.0,0.0,0.0,0.0,0.0,0.0,0.0,0.0,0.0,0.0,0.0,0.0,0.0,0.0,0.0,0.0,0.0,1,14,0,1,14,14.0,14.0,0,0,0,0,0.0,0,0,0,0.0,0,0,0,0.0,0,0,0,New York Giants,NFC,NFC East
Aaron Rodgers,NYJ,QB,1,1,0,0.0,0.0,0.0,0.0,0.0,0.0,0.0,0.0,0.0,0.0,0.0,0.0,0.0,0.0,0.0,0.0,0.0,0.0,0.0,0.0,0.0,0.0,0.0,1,-1,0,0,-1,-1.0,-1.0,0,0,0,0,0.0,0,0,0,0.0,0,0,0,0.0,0,0,0,New York Jets,AFC,AFC East
Cooper Rush,DAL,QB,1,0,0,0.0,0.0,0.0,0.0,0.0,0.0,0.0,0.0,0.0,0.0,0.0,0.0,0.0,0.0,0.0,0.0,0.0,0.0,0.0,0.0,0.0,0.0,0.0,1,-1,0,0,-1,-1.0,-1.0,0,0,0,0,0.0,0,0,0,0.0,0,0,0,0.0,0,0,0,Dallas Cowboys,NFC,NFC East
Laviska Shenault Jr.,SEA,WR,1,0,0,0.0,0.0,0.0,0.0,0.0,0.0,0.0,0.0,0.0,0.0,0.0,0.0,0.0,0.0,0.0,0.0,0.0,0.0,0.0,0.0,0.0,0.0,0.0,1,1,0,0,1,1.0,1.0,0,0,0,0,0.0,0,0,0,0.0,0,0,0,0.0,0,0,0,Seattle Seahawks,NFC,NFC West
Tua Tagovailoa,MIA,QB,1,1,0,0.0,0.0,0.0,0.0,0.0,0.0,0.0,0.0,0.0,0.0,0.0,0.0,0.0,0.0,0.0,0.0,0.0,0.0,0.0,0.0,0.0,0.0,0.0,1,11,0,1,11,11.0,11.0,0,0,0,0,0.0,0,0,0,0.0,0,0,0,0.0,0,0,0,Miami Dolphins,AFC,AFC East
Tyrod Taylor,NYJ,QB,1,0,0,0.0,0.0,0.0,0.0,0.0,0.0,0.0,0.0,0.0,0.0,0.0,0.0,0.0,0.0,0.0,0.0,0.0,0.0,0.0,0.0,0.0,0.0,0.0,1,7,0,0,7,7.0,7.0,0,0,0,0,0.0,0,0,0,0.0,0,0,0,0.0,0,0,0,New York Jets,AFC,AFC East
Deuce Vaughn,DAL,RB,1,0,0,0.0,0.0,0.0,0.0,0.0,0.0,0.0,0.0,0.0,0.0,0.0,0.0,0.0,0.0,0.0,0.0,0.0,0.0,0.0,0.0,0.0,0.0,0.0,1,4,0,0,4,4.0,4.0,0,0,0,0,0.0,0,0,0,0.0,0,0,0,0.0,0,0,0,Dallas Cowboys,NFC,NFC East
Jaylen Waddle,MIA,WR,1,1,0,0.0,0.0,0.0,0.0,0.0,0.0,0.0,0.0,0.0,0.0,0.0,0.0,0.0,0.0,0.0,0.0,0.0,0.0,0.0,0.0,0.0,0.0,0.0,1,3,0,0,3,3.0,3.0,0,0,0,0,0.0,0,0,0,0.0,0,0,0,0.0,0,0,0,Miami Dolphins,AFC,AFC East
Jameson Williams,DET,WR,1,1,0,0.0,0.0,0.0,0.0,0.0,0.0,0.0,0.0,0.0,0.0,0.0,0.0,0.0,0.0,0.0,0.0,0.0,0.0,0.0,0.0,0.0,0.0,0.0,1,13,0,1,13,13.0,13.0,0,0,0,0,0.0,0,0,0,0.0,0,0,0,0.0,0,0,0,Detroit Lions,NFC,NFC North
Xavier Worthy,KAN,WR,1,1,0,0.0,0.0,0.0,0.0,0.0,0.0,0.0,0.0,0.0,0.0,0.0,0.0,0.0,0.0,0.0,0.0,0.0,0.0,0.0,0.0,0.0,0.0,0.0,1,21,1,1,21,21.0,21.0,0,0,0,0,0.0,0,0,0,0.0,0,0,0,0.0,0,0,0,Kansas City Chiefs,AFC,AFC West
Cooper Kupp,LAR,WR,1,1,0,0.0,0.0,0.0,0.0,0.0,0.0,0.0,0.0,0.0,0.0,0.0,0.0,0.0,0.0,0.0,0.0,0.0,0.0,0.0,0.0,0.0,0.0,0.0,0,0,0,0,0,0,0,0,21,14,110,7.9,1,6,21,5.2,14.0,110.0,0,2.7,0,0,0,Los Angeles Rams,NFC,NFC West
Isaiah Likely,BAL,TE,1,1,0,0.0,0.0,0.0,0.0,0.0,0.0,0.0,0.0,0.0,0.0,0.0,0.0,0.0,0.0,0.0,0.0,0.0,0.0,0.0,0.0,0.0,0.0,0.0,0,0,0,0,0,0,0,0,12,9,111,12.3,1,5,49,9.3,9.0,111.0,0,3.0,0,0,0,Baltimore Ravens,AFC,AFC North
Chris Godwin,TAM,WR,1,1,0,0.0,0.0,0.0,0.0,0.0,0.0,0.0,0.0,0.0,0.0,0.0,0.0,0.0,0.0,0.0,0.0,0.0,0.0,0.0,0.0,0.0,0.0,0.0,0,0,0,0,0,0,0,0,8,8,83,10.4,1,7,24,10.4,8.0,83.0,0,0.0,0,0,0,Tampa Bay Buccaneers,NFC,NFC South
Devaughn Vele,DEN,WR,1,0,0,0.0,0.0,0.0,0.0,0.0,0.0,0.0,0.0,0.0,0.0,0.0,0.0,0.0,0.0,0.0,0.0,0.0,0.0,0.0,0.0,0.0,0.0,0.0,0,0,0,0,0,0,0,0,8,8,39,4.9,0,1,9,4.9,8.0,39.0,0,0.0,0,0,0,Denver Broncos,AFC,AFC West
De'Von Achane,MIA,RB,1,0,0,0.0,0.0,0.0,0.0,0.0,0.0,0.0,0.0,0.0,0.0,0.0,0.0,0.0,0.0,0.0,0.0,0.0,0.0,0.0,0.0,0.0,0.0,0.0,0,0,0,0,0,0,0,0,7,7,76,10.9,0,2,39,10.9,7.0,76.0,0,0.0,0,0,0,Miami Dolphins,AFC,AFC East
Tyreek Hill,MIA,WR,1,1,0,0.0,0.0,0.0,0.0,0.0,0.0,0.0,0.0,0.0,0.0,0.0,0.0,0.0,0.0,0.0,0.0,0.0,0.0,0.0,0.0,0.0,0.0,0.0,0,0,0,0,0,0,0,0,12,7,130,18.6,1,4,80,10.8,7.0,130.0,0,7.800000000000001,0,0,0,Miami Dolphins,AFC,AFC East
Rashee Rice,KAN,WR,1,1,0,0.0,0.0,0.0,0.0,0.0,0.0,0.0,0.0,0.0,0.0,0.0,0.0,0.0,0.0,0.0,0.0,0.0,0.0,0.0,0.0,0.0,0.0,0.0,0,0,0,0,0,0,0,0,9,7,103,14.7,0,5,33,11.4,7.0,103.0,0,3.299999999999999,0,0,0,Kansas City Chiefs,AFC,AFC West
DeVonta Smith,PHI,WR,1,1,0,0.0,0.0,0.0,0.0,0.0,0.0,0.0,0.0,0.0,0.0,0.0,0.0,0.0,0.0,0.0,0.0,0.0,0.0,0.0,0.0,0.0,0.0,0.0,0,0,0,0,0,0,0,0,8,7,84,12.0,0,5,25,10.5,7.0,84.0,0,1.5,0,0,0,Philadelphia Eagles,NFC,NFC East
Brock Bowers,LVR,TE,1,0,0,0.0,0.0,0.0,0.0,0.0,0.0,0.0,0.0,0.0,0.0,0.0,0.0,0.0,0.0,0.0,0.0,0.0,0.0,0.0,0.0,0.0,0.0,0.0,0,0,0,0,0,0,0,0,8,6,58,9.7,0,3,26,7.3,6.0,58.0,0,2.3999999999999995,0,0,0,Las Vegas Raiders,AFC,AFC West
Ja'Marr Chase,CIN,WR,1,1,0,0.0,0.0,0.0,0.0,0.0,0.0,0.0,0.0,0.0,0.0,0.0,0.0,0.0,0.0,0.0,0.0,0.0,0.0,0.0,0.0,0.0,0.0,0.0,0,0,0,0,0,0,0,0,6,6,62,10.3,0,3,28,10.3,6.0,62.0,0,0.0,0,0,0,Cincinnati Bengals,AFC,AFC North
Nico Collins,HOU,WR,1,1,0,0.0,0.0,0.0,0.0,0.0,0.0,0.0,0.0,0.0,0.0,0.0,0.0,0.0,0.0,0.0,0.0,0.0,0.0,0.0,0.0,0.0,0.0,0.0,0,0,0,0,0,0,0,0,8,6,117,19.5,0,6,55,14.6,6.0,117.0,0,4.9,0,0,0,Houston Texans,AFC,AFC South
Stefon Diggs,HOU,WR,1,1,0,0.0,0.0,0.0,0.0,0.0,0.0,0.0,0.0,0.0,0.0,0.0,0.0,0.0,0.0,0.0,0.0,0.0,0.0,0.0,0.0,0.0,0.0,0.0,0,0,0,0,0,0,0,0,6,6,33,5.5,2,3,10,5.5,6.0,33.0,0,0.0,0,0,0,Houston Texans,AFC,AFC South
Greg Dortch,ARI,WR,1,1,0,0.0,0.0,0.0,0.0,0.0,0.0,0.0,0.0,0.0,0.0,0.0,0.0,0.0,0.0,0.0,0.0,0.0,0.0,0.0,0.0,0.0,0.0,0.0,0,0,0,0,0,0,0,0,8,6,47,7.8,0,4,14,5.9,6.0,47.0,0,1.8999999999999995,0,0,0,Arizona Cardinals,NFC,NFC West
Zay Flowers,BAL,WR,1,1,0,0.0,0.0,0.0,0.0,0.0,0.0,0.0,0.0,0.0,0.0,0.0,0.0,0.0,0.0,0.0,0.0,0.0,0.0,0.0,0.0,0.0,0.0,0.0,0,0,0,0,0,0,0,0,10,6,37,6.2,0,1,19,3.7,6.0,37.0,0,2.5,0,0,0,Baltimore Ravens,AFC,AFC North
Jerome Ford,CLE,RB,1,1,0,0.0,0.0,0.0,0.0,0.0,0.0,0.0,0.0,0.0,0.0,0.0,0.0,0.0,0.0,0.0,0.0,0.0,0.0,0.0,0.0,0.0,0.0,0.0,0,0,0,0,0,0,0,0,7,6,25,4.2,0,0,8,3.6,6.0,25.0,0,0.6000000000000001,0,0,0,Cleveland Browns,AFC,AFC North
Justice Hill,BAL,RB,1,0,0,0.0,0.0,0.0,0.0,0.0,0.0,0.0,0.0,0.0,0.0,0.0,0.0,0.0,0.0,0.0,0.0,0.0,0.0,0.0,0.0,0.0,0.0,0.0,0,0,0,0,0,0,0,0,8,6,52,8.7,0,2,18,6.5,6.0,52.0,0,2.1999999999999993,0,0,0,Baltimore Ravens,AFC,AFC North
Allen Lazard,NYJ,WR,1,1,0,0.0,0.0,0.0,0.0,0.0,0.0,0.0,0.0,0.0,0.0,0.0,0.0,0.0,0.0,0.0,0.0,0.0,0.0,0.0,0.0,0.0,0.0,0.0,0,0,0,0,0,0,0,0,9,6,89,14.8,2,6,36,9.9,6.0,89.0,0,4.9,0,0,0,New York Jets,AFC,AFC East
Tyler Lockett,SEA,WR,1,1,0,0.0,0.0,0.0,0.0,0.0,0.0,0.0,0.0,0.0,0.0,0.0,0.0,0.0,0.0,0.0,0.0,0.0,0.0,0.0,0.0,0.0,0.0,0.0,0,0,0,0,0,0,0,0,7,6,77,12.8,0,5,19,11.0,6.0,77.0,0,1.8000000000000007,0,0,0,Seattle Seahawks,NFC,NFC West
George Pickens,PIT,WR,1,1,0,0.0,0.0,0.0,0.0,0.0,0.0,0.0,0.0,0.0,0.0,0.0,0.0,0.0,0.0,0.0,0.0,0.0,0.0,0.0,0.0,0.0,0.0,0.0,0,0,0,0,0,0,0,0,7,6,85,14.2,0,4,40,12.1,6.0,85.0,0,2.0999999999999996,0,0,0,Pittsburgh Steelers,AFC,AFC North
Wan'Dale Robinson,NYG,WR,1,0,0,0.0,0.0,0.0,0.0,0.0,0.0,0.0,0.0,0.0,0.0,0.0,0.0,0.0,0.0,0.0,0.0,0.0,0.0,0.0,0.0,0.0,0.0,0.0,0,0,0,0,0,0,0,0,12,6,44,7.3,0,2,15,3.7,6.0,44.0,0,3.5999999999999996,0,0,0,New York Giants,NFC,NFC East
Rachaad White,TAM,RB,1,1,0,0.0,0.0,0.0,0.0,0.0,0.0,0.0,0.0,0.0,0.0,0.0,0.0,0.0,0.0,0.0,0.0,0.0,0.0,0.0,0.0,0.0,0.0,0.0,0,0,0,0,0,0,0,0,6,6,75,12.5,0,2,32,12.5,6.0,75.0,0,0.0,0,0,0,Tampa Bay Buccaneers,NFC,NFC South
Garrett Wilson,NYJ,WR,1,1,0,0.0,0.0,0.0,0.0,0.0,0.0,0.0,0.0,0.0,0.0,0.0,0.0,0.0,0.0,0.0,0.0,0.0,0.0,0.0,0.0,0.0,0.0,0.0,0,0,0,0,0,0,0,0,11,6,60,10.0,0,3,16,5.5,6.0,60.0,0,4.5,0,0,0,New York Jets,AFC,AFC East
Davante Adams,LVR,WR,1,1,0,0.0,0.0,0.0,0.0,0.0,0.0,0.0,0.0,0.0,0.0,0.0,0.0,0.0,0.0,0.0,0.0,0.0,0.0,0.0,0.0,0.0,0.0,0.0,0,0,0,0,0,0,0,0,6,5,59,11.8,0,3,23,9.8,5.0,59.0,0,2.0,0,0,0,Las Vegas Raiders,AFC,AFC West
A.J. Brown,PHI,WR,1,1,0,0.0,0.0,0.0,0.0,0.0,0.0,0.0,0.0,0.0,0.0,0.0,0.0,0.0,0.0,0.0,0.0,0.0,0.0,0.0,0.0,0.0,0.0,0.0,0,0,0,0,0,0,0,0,10,5,119,23.8,1,5,67,11.9,5.0,119.0,0,11.9,0,0,0,Philadelphia Eagles,NFC,NFC East
Mike Evans,TAM,WR,1,1,0,0.0,0.0,0.0,0.0,0.0,0.0,0.0,0.0,0.0,0.0,0.0,0.0,0.0,0.0,0.0,0.0,0.0,0.0,0.0,0.0,0.0,0.0,0.0,0,0,0,0,0,0,0,0,6,5,61,12.2,2,4,24,10.2,5.0,61.0,0,2.0,0,0,0,Tampa Bay Buccaneers,NFC,NFC South
Breece Hall,NYJ,RB,1,1,0,0.0,0.0,0.0,0.0,0.0,0.0,0.0,0.0,0.0,0.0,0.0,0.0,0.0,0.0,0.0,0.0,0.0,0.0,0.0,0.0,0.0,0.0,0.0,0,0,0,0,0,0,0,0,6,5,39,7.8,0,2,13,6.5,5.0,39.0,1,1.2999999999999998,0,0,0,New York Jets,AFC,AFC East
Jauan Jennings,SFO,WR,1,0,0,0.0,0.0,0.0,0.0,0.0,0.0,0.0,0.0,0.0,0.0,0.0,0.0,0.0,0.0,0.0,0.0,0.0,0.0,0.0,0.0,0.0,0.0,0.0,0,0,0,0,0,0,0,0,5,5,64,12.8,0,4,22,12.8,5.0,64.0,0,0.0,0,0,0,San Francisco 49ers,NFC,NFC West
Tyler Johnson,LAR,WR,1,0,0,0.0,0.0,0.0,0.0,0.0,0.0,0.0,0.0,0.0,0.0,0.0,0.0,0.0,0.0,0.0,0.0,0.0,0.0,0.0,0.0,0.0,0.0,0.0,0,0,0,0,0,0,0,0,7,5,79,15.8,0,2,63,11.3,5.0,79.0,0,4.5,0,0,0,Los Angeles Rams,NFC,NFC West
Alvin Kamara,NOR,RB,1,1,0,0.0,0.0,0.0,0.0,0.0,0.0,0.0,0.0,0.0,0.0,0.0,0.0,0.0,0.0,0.0,0.0,0.0,0.0,0.0,0.0,0.0,0.0,0.0,0,0,0,0,0,0,0,0,5,5,27,5.4,0,0,18,5.4,5.0,27.0,0,0.0,0,0,0,New Orleans Saints,NFC,NFC South
CeeDee Lamb,DAL,WR,1,1,0,0.0,0.0,0.0,0.0,0.0,0.0,0.0,0.0,0.0,0.0,0.0,0.0,0.0,0.0,0.0,0.0,0.0,0.0,0.0,0.0,0.0,0.0,0.0,0,0,0,0,0,0,0,0,10,5,61,12.2,0,2,34,6.1,5.0,61.0,0,6.1,0,0,0,Dallas Cowboys,NFC,NFC East
Trey McBride,ARI,TE,1,1,0,0.0,0.0,0.0,0.0,0.0,0.0,0.0,0.0,0.0,0.0,0.0,0.0,0.0,0.0,0.0,0.0,0.0,0.0,0.0,0.0,0.0,0.0,0.0,0,0,0,0,0,0,0,0,9,5,30,6.0,0,2,8,3.3,5.0,30.0,0,2.7,0,0,0,Arizona Cardinals,NFC,NFC West
Ladd McConkey,LAC,WR,1,1,0,0.0,0.0,0.0,0.0,0.0,0.0,0.0,0.0,0.0,0.0,0.0,0.0,0.0,0.0,0.0,0.0,0.0,0.0,0.0,0.0,0.0,0.0,0.0,0,0,0,0,0,0,0,0,7,5,39,7.8,1,2,11,5.6,5.0,39.0,0,2.2,0,0,0,Los Angeles Chargers,AFC,AFC West
Jaleel McLaughlin,DEN,RB,1,0,0,0.0,0.0,0.0,0.0,0.0,0.0,0.0,0.0,0.0,0.0,0.0,0.0,0.0,0.0,0.0,0.0,0.0,0.0,0.0,0.0,0.0,0.0,0.0,0,0,0,0,0,0,0,0,5,5,1,0.2,0,0,3,0.2,5.0,1.0,1,0.0,0,0,0,Denver Broncos,AFC,AFC West
D.J. Moore,CHI,WR,1,1,0,0.0,0.0,0.0,0.0,0.0,0.0,0.0,0.0,0.0,0.0,0.0,0.0,0.0,0.0,0.0,0.0,0.0,0.0,0.0,0.0,0.0,0.0,0.0,0,0,0,0,0,0,0,0,8,5,36,7.2,0,2,13,4.5,5.0,36.0,0,2.7,0,0,0,Chicago Bears,NFC,NFC North
Malik Nabers,NYG,WR,1,1,0,0.0,0.0,0.0,0.0,0.0,0.0,0.0,0.0,0.0,0.0,0.0,0.0,0.0,0.0,0.0,0.0,0.0,0.0,0.0,0.0,0.0,0.0,0.0,0,0,0,0,0,0,0,0,7,5,66,13.2,0,2,25,9.4,5.0,66.0,0,3.799999999999999,0,0,0,New York Giants,NFC,NFC East
Josh Reynolds,DEN,WR,1,0,0,0.0,0.0,0.0,0.0,0.0,0.0,0.0,0.0,0.0,0.0,0.0,0.0,0.0,0.0,0.0,0.0,0.0,0.0,0.0,0.0,0.0,0.0,0.0,0,0,0,0,0,0,0,0,8,5,45,9.0,0,3,25,5.6,5.0,45.0,0,3.4000000000000004,0,0,0,Denver Broncos,AFC,AFC West
Bijan Robinson,ATL,RB,1,1,0,0.0,0.0,0.0,0.0,0.0,0.0,0.0,0.0,0.0,0.0,0.0,0.0,0.0,0.0,0.0,0.0,0.0,0.0,0.0,0.0,0.0,0.0,0.0,0,0,0,0,0,0,0,0,5,5,43,8.6,0,3,14,8.6,5.0,43.0,0,0.0,0,0,0,Atlanta Falcons,NFC,NFC South
Deebo Samuel,SFO,WR,1,1,0,0.0,0.0,0.0,0.0,0.0,0.0,0.0,0.0,0.0,0.0,0.0,0.0,0.0,0.0,0.0,0.0,0.0,0.0,0.0,0.0,0.0,0.0,0.0,0,0,0,0,0,0,0,0,9,5,54,10.8,0,3,25,6.0,5.0,54.0,0,4.800000000000001,0,0,0,San Francisco 49ers,NFC,NFC West
Jaylen Waddle,MIA,WR,1,1,0,0.0,0.0,0.0,0.0,0.0,0.0,0.0,0.0,0.0,0.0,0.0,0.0,0.0,0.0,0.0,0.0,0.0,0.0,0.0,0.0,0.0,0.0,0.0,0,0,0,0,0,0,0,0,5,5,109,21.8,0,4,63,21.8,5.0,109.0,0,0.0,0,0,0,Miami Dolphins,AFC,AFC East
Jameson Williams,DET,WR,1,1,0,0.0,0.0,0.0,0.0,0.0,0.0,0.0,0.0,0.0,0.0,0.0,0.0,0.0,0.0,0.0,0.0,0.0,0.0,0.0,0.0,0.0,0.0,0.0,0,0,0,0,0,0,0,0,9,5,121,24.2,1,3,52,13.4,5.0,121.0,0,10.799999999999999,0,0,0,Detroit Lions,NFC,NFC North
Keenan Allen,CHI,WR,1,1,0,0.0,0.0,0.0,0.0,0.0,0.0,0.0,0.0,0.0,0.0,0.0,0.0,0.0,0.0,0.0,0.0,0.0,0.0,0.0,0.0,0.0,0.0,0.0,0,0,0,0,0,0,0,0,11,4,29,7.3,0,2,9,2.6,4.0,29.0,0,4.699999999999999,0,0,0,Chicago Bears,NFC,NFC North
Keon Coleman,BUF,WR,1,1,0,0.0,0.0,0.0,0.0,0.0,0.0,0.0,0.0,0.0,0.0,0.0,0.0,0.0,0.0,0.0,0.0,0.0,0.0,0.0,0.0,0.0,0.0,0.0,0,0,0,0,0,0,0,0,5,4,51,12.8,0,2,28,10.2,4.0,51.0,0,2.6000000000000014,0,0,0,Buffalo Bills,AFC,AFC East
Brandin Cooks,DAL,WR,1,1,0,0.0,0.0,0.0,0.0,0.0,0.0,0.0,0.0,0.0,0.0,0.0,0.0,0.0,0.0,0.0,0.0,0.0,0.0,0.0,0.0,0.0,0.0,0.0,0,0,0,0,0,0,0,0,7,4,40,10.0,1,2,21,5.7,4.0,40.0,0,4.3,0,0,0,Dallas Cowboys,NFC,NFC East
Romeo Doubs,GNB,WR,1,1,0,0.0,0.0,0.0,0.0,0.0,0.0,0.0,0.0,0.0,0.0,0.0,0.0,0.0,0.0,0.0,0.0,0.0,0.0,0.0,0.0,0.0,0.0,0.0,0,0,0,0,0,0,0,0,7,4,50,12.5,0,2,19,7.1,4.0,50.0,0,5.4,0,0,0,Green Bay Packers,NFC,NFC North
Austin Ekeler,WAS,RB,1,0,0,0.0,0.0,0.0,0.0,0.0,0.0,0.0,0.0,0.0,0.0,0.0,0.0,0.0,0.0,0.0,0.0,0.0,0.0,0.0,0.0,0.0,0.0,0.0,0,0,0,0,0,0,0,0,4,4,52,13.0,0,2,22,13.0,4.0,52.0,0,0.0,0,0,0,Washington Commanders,NFC,NFC East
Pat Freiermuth,PIT,TE,1,0,0,0.0,0.0,0.0,0.0,0.0,0.0,0.0,0.0,0.0,0.0,0.0,0.0,0.0,0.0,0.0,0.0,0.0,0.0,0.0,0.0,0.0,0.0,0.0,0,0,0,0,0,0,0,0,4,4,27,6.8,0,2,10,6.8,4.0,27.0,0,0.0,0,0,0,Pittsburgh Steelers,AFC,AFC North
Jahmyr Gibbs,DET,RB,1,0,0,0.0,0.0,0.0,0.0,0.0,0.0,0.0,0.0,0.0,0.0,0.0,0.0,0.0,0.0,0.0,0.0,0.0,0.0,0.0,0.0,0.0,0.0,0.0,0,0,0,0,0,0,0,0,6,4,34,8.5,0,2,14,5.7,4.0,34.0,0,2.8,0,0,0,Detroit Lions,NFC,NFC North
Dallas Goedert,PHI,TE,1,1,0,0.0,0.0,0.0,0.0,0.0,0.0,0.0,0.0,0.0,0.0,0.0,0.0,0.0,0.0,0.0,0.0,0.0,0.0,0.0,0.0,0.0,0.0,0.0,0,0,0,0,0,0,0,0,5,4,31,7.8,0,1,21,6.2,4.0,31.0,0,1.5999999999999996,0,0,0,Philadelphia Eagles,NFC,NFC East
Justin Jefferson,MIN,WR,1,1,0,0.0,0.0,0.0,0.0,0.0,0.0,0.0,0.0,0.0,0.0,0.0,0.0,0.0,0.0,0.0,0.0,0.0,0.0,0.0,0.0,0.0,0.0,0.0,0,0,0,0,0,0,0,0,6,4,59,14.8,1,2,44,9.8,4.0,59.0,0,5.0,0,0,0,Minnesota Vikings,NFC,NFC North
George Kittle,SFO,TE,1,1,0,0.0,0.0,0.0,0.0,0.0,0.0,0.0,0.0,0.0,0.0,0.0,0.0,0.0,0.0,0.0,0.0,0.0,0.0,0.0,0.0,0.0,0.0,0.0,0,0,0,0,0,0,0,0,5,4,40,10.0,0,1,26,8.0,4.0,40.0,0,2.0,0,0,0,San Francisco 49ers,NFC,NFC West
Sam LaPorta,DET,TE,1,1,0,0.0,0.0,0.0,0.0,0.0,0.0,0.0,0.0,0.0,0.0,0.0,0.0,0.0,0.0,0.0,0.0,0.0,0.0,0.0,0.0,0.0,0.0,0.0,0,0,0,0,0,0,0,0,5,4,45,11.3,0,2,18,9.0,4.0,45.0,0,2.3000000000000007,0,0,0,Detroit Lions,NFC,NFC North
Xavier Legette,CAR,WR,1,0,0,0.0,0.0,0.0,0.0,0.0,0.0,0.0,0.0,0.0,0.0,0.0,0.0,0.0,0.0,0.0,0.0,0.0,0.0,0.0,0.0,0.0,0.0,0.0,0,0,0,0,0,0,0,0,7,4,35,8.8,0,2,18,5.0,4.0,35.0,0,3.8000000000000007,0,0,0,Carolina Panthers,NFC,NFC South
Alexander Mattison,LVR,RB,1,0,0,0.0,0.0,0.0,0.0,0.0,0.0,0.0,0.0,0.0,0.0,0.0,0.0,0.0,0.0,0.0,0.0,0.0,0.0,0.0,0.0,0.0,0.0,0.0,0,0,0,0,0,0,0,0,6,4,43,10.8,1,2,31,7.2,4.0,43.0,0,3.6000000000000005,0,0,0,Las Vegas Raiders,AFC,AFC West
Ray-Ray McCloud,ATL,WR,1,0,0,0.0,0.0,0.0,0.0,0.0,0.0,0.0,0.0,0.0,0.0,0.0,0.0,0.0,0.0,0.0,0.0,0.0,0.0,0.0,0.0,0.0,0.0,0.0,0,0,0,0,0,0,0,0,7,4,52,13.0,0,2,20,7.4,4.0,52.0,0,5.6,0,0,0,Atlanta Falcons,NFC,NFC South
Foster Moreau,NOR,TE,1,1,0,0.0,0.0,0.0,0.0,0.0,0.0,0.0,0.0,0.0,0.0,0.0,0.0,0.0,0.0,0.0,0.0,0.0,0.0,0.0,0.0,0.0,0.0,0.0,0,0,0,0,0,0,0,0,4,4,43,10.8,1,2,22,10.8,4.0,43.0,0,0.0,0,0,0,New Orleans Saints,NFC,NFC South
Puka Nacua,LAR,WR,1,1,0,0.0,0.0,0.0,0.0,0.0,0.0,0.0,0.0,0.0,0.0,0.0,0.0,0.0,0.0,0.0,0.0,0.0,0.0,0.0,0.0,0.0,0.0,0.0,0,0,0,0,0,0,0,0,4,4,35,8.8,0,1,16,8.8,4.0,35.0,0,0.0,0,0,0,Los Angeles Rams,NFC,NFC West
David Njoku,CLE,TE,1,1,0,0.0,0.0,0.0,0.0,0.0,0.0,0.0,0.0,0.0,0.0,0.0,0.0,0.0,0.0,0.0,0.0,0.0,0.0,0.0,0.0,0.0,0.0,0.0,0,0,0,0,0,0,0,0,5,4,44,11.0,0,1,29,8.8,4.0,44.0,0,2.1999999999999993,0,0,0,Cleveland Browns,AFC,AFC North
Colby Parkinson,LAR,TE,1,1,0,0.0,0.0,0.0,0.0,0.0,0.0,0.0,0.0,0.0,0.0,0.0,0.0,0.0,0.0,0.0,0.0,0.0,0.0,0.0,0.0,0.0,0.0,0.0,0,0,0,0,0,0,0,0,5,4,47,11.8,0,3,20,9.4,4.0,47.0,0,2.4000000000000004,0,0,0,Los Angeles Rams,NFC,NFC West
Michael Pittman Jr.,IND,WR,1,1,0,0.0,0.0,0.0,0.0,0.0,0.0,0.0,0.0,0.0,0.0,0.0,0.0,0.0,0.0,0.0,0.0,0.0,0.0,0.0,0.0,0.0,0.0,0.0,0,0,0,0,0,0,0,0,8,4,31,7.8,0,1,13,3.9,4.0,31.0,0,3.9,0,0,0,Indianapolis Colts,AFC,AFC South
Jayden Reed,GNB,WR,1,0,0,0.0,0.0,0.0,0.0,0.0,0.0,0.0,0.0,0.0,0.0,0.0,0.0,0.0,0.0,0.0,0.0,0.0,0.0,0.0,0.0,0.0,0.0,0.0,0,0,0,0,0,0,0,0,6,4,138,34.5,1,3,70,23.0,4.0,138.0,0,11.5,0,0,0,Green Bay Packers,NFC,NFC North
Demarcus Robinson,LAR,WR,1,1,0,0.0,0.0,0.0,0.0,0.0,0.0,0.0,0.0,0.0,0.0,0.0,0.0,0.0,0.0,0.0,0.0,0.0,0.0,0.0,0.0,0.0,0.0,0.0,0,0,0,0,0,0,0,0,7,4,42,10.5,0,3,14,6.0,4.0,42.0,0,4.5,0,0,0,Los Angeles Rams,NFC,NFC West
Devin Singletary,NYG,RB,1,1,0,0.0,0.0,0.0,0.0,0.0,0.0,0.0,0.0,0.0,0.0,0.0,0.0,0.0,0.0,0.0,0.0,0.0,0.0,0.0,0.0,0.0,0.0,0.0,0,0,0,0,0,0,0,0,5,4,15,3.8,0,1,12,3.0,4.0,15.0,0,0.7999999999999998,0,0,0,New York Giants,NFC,NFC East
Tyjae Spears,TEN,RB,1,0,0,0.0,0.0,0.0,0.0,0.0,0.0,0.0,0.0,0.0,0.0,0.0,0.0,0.0,0.0,0.0,0.0,0.0,0.0,0.0,0.0,0.0,0.0,0.0,0,0,0,0,0,0,0,0,4,4,11,2.8,0,1,5,2.8,4.0,11.0,0,0.0,0,0,0,Tennessee Titans,AFC,AFC South
Courtland Sutton,DEN,WR,1,0,0,0.0,0.0,0.0,0.0,0.0,0.0,0.0,0.0,0.0,0.0,0.0,0.0,0.0,0.0,0.0,0.0,0.0,0.0,0.0,0.0,0.0,0.0,0.0,0,0,0,0,0,0,0,0,12,4,38,9.5,0,2,17,3.2,4.0,38.0,0,6.3,0,0,0,Denver Broncos,AFC,AFC West
Brian Thomas,JAX,WR,1,0,0,0.0,0.0,0.0,0.0,0.0,0.0,0.0,0.0,0.0,0.0,0.0,0.0,0.0,0.0,0.0,0.0,0.0,0.0,0.0,0.0,0.0,0.0,0.0,0,0,0,0,0,0,0,0,4,4,47,11.8,1,3,18,11.8,4.0,47.0,0,0.0,0,0,0,Jacksonville Jaguars,AFC,AFC South
Jordan Addison,MIN,WR,1,1,0,0.0,0.0,0.0,0.0,0.0,0.0,0.0,0.0,0.0,0.0,0.0,0.0,0.0,0.0,0.0,0.0,0.0,0.0,0.0,0.0,0.0,0.0,0.0,0,0,0,0,0,0,0,0,4,3,35,11.7,0,2,16,8.8,3.0,35.0,0,2.8999999999999986,0,0,0,Minnesota Vikings,NFC,NFC North
Jordan Akins,CLE,TE,1,0,0,0.0,0.0,0.0,0.0,0.0,0.0,0.0,0.0,0.0,0.0,0.0,0.0,0.0,0.0,0.0,0.0,0.0,0.0,0.0,0.0,0.0,0.0,0.0,0,0,0,0,0,0,0,0,4,3,27,9.0,0,1,13,6.8,3.0,27.0,0,2.2,0,0,0,Cleveland Browns,AFC,AFC North
Tyler Boyd,TEN,WR,1,1,0,0.0,0.0,0.0,0.0,0.0,0.0,0.0,0.0,0.0,0.0,0.0,0.0,0.0,0.0,0.0,0.0,0.0,0.0,0.0,0.0,0.0,0.0,0.0,0,0,0,0,0,0,0,0,5,3,18,6.0,0,2,11,3.6,3.0,18.0,0,2.4,0,0,0,Tennessee Titans,AFC,AFC South
Chase Brown,CIN,RB,1,0,0,0.0,0.0,0.0,0.0,0.0,0.0,0.0,0.0,0.0,0.0,0.0,0.0,0.0,0.0,0.0,0.0,0.0,0.0,0.0,0.0,0.0,0.0,0.0,0,0,0,0,0,0,0,0,3,3,12,4.0,0,0,5,4.0,3.0,12.0,0,0.0,0,0,0,Cincinnati Bengals,AFC,AFC North
Ty Chandler,MIN,RB,1,0,0,0.0,0.0,0.0,0.0,0.0,0.0,0.0,0.0,0.0,0.0,0.0,0.0,0.0,0.0,0.0,0.0,0.0,0.0,0.0,0.0,0.0,0.0,0.0,0,0,0,0,0,0,0,0,3,3,25,8.3,0,2,10,8.3,3.0,25.0,0,0.0,0,0,0,Minnesota Vikings,NFC,NFC North
James Conner,ARI,RB,1,1,0,0.0,0.0,0.0,0.0,0.0,0.0,0.0,0.0,0.0,0.0,0.0,0.0,0.0,0.0,0.0,0.0,0.0,0.0,0.0,0.0,0.0,0.0,0.0,0,0,0,0,0,0,0,0,4,3,33,11.0,0,1,22,8.3,3.0,33.0,0,2.6999999999999993,0,0,0,Arizona Cardinals,NFC,NFC West
James Cook,BUF,RB,1,1,0,0.0,0.0,0.0,0.0,0.0,0.0,0.0,0.0,0.0,0.0,0.0,0.0,0.0,0.0,0.0,0.0,0.0,0.0,0.0,0.0,0.0,0.0,0.0,0,0,0,0,0,0,0,0,3,3,32,10.7,0,1,25,10.7,3.0,32.0,0,0.0,0,0,0,Buffalo Bills,AFC,AFC East
Gabriel Davis,JAX,WR,1,1,0,0.0,0.0,0.0,0.0,0.0,0.0,0.0,0.0,0.0,0.0,0.0,0.0,0.0,0.0,0.0,0.0,0.0,0.0,0.0,0.0,0.0,0.0,0.0,0,0,0,0,0,0,0,0,3,3,62,20.7,0,3,22,20.7,3.0,62.0,0,0.0,0,0,0,Jacksonville Jaguars,AFC,AFC South
Tank Dell,HOU,WR,1,1,0,0.0,0.0,0.0,0.0,0.0,0.0,0.0,0.0,0.0,0.0,0.0,0.0,0.0,0.0,0.0,0.0,0.0,0.0,0.0,0.0,0.0,0.0,0.0,0,0,0,0,0,0,0,0,7,3,40,13.3,0,2,23,5.7,3.0,40.0,0,7.6000000000000005,0,0,0,Houston Texans,AFC,AFC South
J.K. Dobbins,LAC,RB,1,0,0,0.0,0.0,0.0,0.0,0.0,0.0,0.0,0.0,0.0,0.0,0.0,0.0,0.0,0.0,0.0,0.0,0.0,0.0,0.0,0.0,0.0,0.0,0.0,0,0,0,0,0,0,0,0,3,3,4,1.3,0,0,3,1.3,3.0,4.0,0,0.0,0,0,0,Los Angeles Chargers,AFC,AFC West
Zach Ertz,WAS,TE,1,1,0,0.0,0.0,0.0,0.0,0.0,0.0,0.0,0.0,0.0,0.0,0.0,0.0,0.0,0.0,0.0,0.0,0.0,0.0,0.0,0.0,0.0,0.0,0.0,0,0,0,0,0,0,0,0,4,3,28,9.3,0,1,12,7.0,3.0,28.0,0,2.3000000000000007,0,0,0,Washington Commanders,NFC,NFC East
Jake Ferguson,DAL,TE,1,1,0,0.0,0.0,0.0,0.0,0.0,0.0,0.0,0.0,0.0,0.0,0.0,0.0,0.0,0.0,0.0,0.0,0.0,0.0,0.0,0.0,0.0,0.0,0.0,0,0,0,0,0,0,0,0,5,3,15,5.0,0,0,7,3.0,3.0,15.0,0,2.0,0,0,0,Dallas Cowboys,NFC,NFC East
Mike Gesicki,CIN,TE,1,0,0,0.0,0.0,0.0,0.0,0.0,0.0,0.0,0.0,0.0,0.0,0.0,0.0,0.0,0.0,0.0,0.0,0.0,0.0,0.0,0.0,0.0,0.0,0.0,0,0,0,0,0,0,0,0,4,3,18,6.0,0,0,7,4.5,3.0,18.0,0,1.5,0,0,0,Cincinnati Bengals,AFC,AFC North
Noah Gray,KAN,TE,1,0,0,0.0,0.0,0.0,0.0,0.0,0.0,0.0,0.0,0.0,0.0,0.0,0.0,0.0,0.0,0.0,0.0,0.0,0.0,0.0,0.0,0.0,0.0,0.0,0,0,0,0,0,0,0,0,3,3,37,12.3,0,2,13,12.3,3.0,37.0,0,0.0,0,0,0,Kansas City Chiefs,AFC,AFC West
Andrei Iosivas,CIN,WR,1,1,0,0.0,0.0,0.0,0.0,0.0,0.0,0.0,0.0,0.0,0.0,0.0,0.0,0.0,0.0,0.0,0.0,0.0,0.0,0.0,0.0,0.0,0.0,0.0,0,0,0,0,0,0,0,0,6,3,26,8.7,0,2,13,4.3,3.0,26.0,0,4.3999999999999995,0,0,0,Cincinnati Bengals,AFC,AFC North
Jerry Jeudy,CLE,WR,1,1,0,0.0,0.0,0.0,0.0,0.0,0.0,0.0,0.0,0.0,0.0,0.0,0.0,0.0,0.0,0.0,0.0,0.0,0.0,0.0,0.0,0.0,0.0,0.0,0,0,0,0,0,0,0,0,8,3,25,8.3,1,2,15,3.1,3.0,25.0,0,5.200000000000001,0,0,0,Cleveland Browns,AFC,AFC North
Quentin Johnston,LAC,WR,1,0,0,0.0,0.0,0.0,0.0,0.0,0.0,0.0,0.0,0.0,0.0,0.0,0.0,0.0,0.0,0.0,0.0,0.0,0.0,0.0,0.0,0.0,0.0,0.0,0,0,0,0,0,0,0,0,5,3,38,12.7,0,1,16,7.6,3.0,38.0,0,5.1,0,0,0,Los Angeles Chargers,AFC,AFC West
Travis Kelce,KAN,TE,1,1,0,0.0,0.0,0.0,0.0,0.0,0.0,0.0,0.0,0.0,0.0,0.0,0.0,0.0,0.0,0.0,0.0,0.0,0.0,0.0,0.0,0.0,0.0,0.0,0,0,0,0,0,0,0,0,4,3,34,11.3,0,2,23,8.5,3.0,34.0,0,2.8000000000000007,0,0,0,Kansas City Chiefs,AFC,AFC West
Luke McCaffrey,WAS,WR,1,0,0,0.0,0.0,0.0,0.0,0.0,0.0,0.0,0.0,0.0,0.0,0.0,0.0,0.0,0.0,0.0,0.0,0.0,0.0,0.0,0.0,0.0,0.0,0.0,0,0,0,0,0,0,0,0,3,3,18,6.0,0,1,10,6.0,3.0,18.0,0,0.0,0,0,0,Washington Commanders,NFC,NFC East
D.K. Metcalf,SEA,WR,1,1,0,0.0,0.0,0.0,0.0,0.0,0.0,0.0,0.0,0.0,0.0,0.0,0.0,0.0,0.0,0.0,0.0,0.0,0.0,0.0,0.0,0.0,0.0,0.0,0,0,0,0,0,0,0,0,4,3,29,9.7,0,2,12,7.3,3.0,29.0,0,2.3999999999999995,0,0,0,Seattle Seahawks,NFC,NFC West
Jakobi Meyers,LVR,WR,1,1,0,0.0,0.0,0.0,0.0,0.0,0.0,0.0,0.0,0.0,0.0,0.0,0.0,0.0,0.0,0.0,0.0,0.0,0.0,0.0,0.0,0.0,0.0,0.0,0,0,0,0,0,0,0,0,3,3,61,20.3,0,2,33,20.3,3.0,61.0,0,0.0,0,0,0,Las Vegas Raiders,AFC,AFC West
Joe Mixon,HOU,RB,1,1,0,0.0,0.0,0.0,0.0,0.0,0.0,0.0,0.0,0.0,0.0,0.0,0.0,0.0,0.0,0.0,0.0,0.0,0.0,0.0,0.0,0.0,0.0,0.0,0,0,0,0,0,0,0,0,3,3,19,6.3,0,1,11,6.3,3.0,19.0,0,0.0,0,0,0,Houston Texans,AFC,AFC South
Elijah Moore,CLE,WR,1,1,0,0.0,0.0,0.0,0.0,0.0,0.0,0.0,0.0,0.0,0.0,0.0,0.0,0.0,0.0,0.0,0.0,0.0,0.0,0.0,0.0,0.0,0.0,0.0,0,0,0,0,0,0,0,0,6,3,9,3.0,0,1,4,1.5,3.0,9.0,0,1.5,0,0,0,Cleveland Browns,AFC,AFC North
K.J. Osborn,NWE,WR,1,1,0,0.0,0.0,0.0,0.0,0.0,0.0,0.0,0.0,0.0,0.0,0.0,0.0,0.0,0.0,0.0,0.0,0.0,0.0,0.0,0.0,0.0,0.0,0.0,0,0,0,0,0,0,0,0,6,3,21,7.0,0,1,9,3.5,3.0,21.0,0,3.5,0,0,0,New England Patriots,AFC,AFC East
Alec Pierce,IND,WR,1,1,0,0.0,0.0,0.0,0.0,0.0,0.0,0.0,0.0,0.0,0.0,0.0,0.0,0.0,0.0,0.0,0.0,0.0,0.0,0.0,0.0,0.0,0.0,0.0,0,0,0,0,0,0,0,0,3,3,125,41.7,1,2,60,41.7,3.0,125.0,0,0.0,0,0,0,Indianapolis Colts,AFC,AFC South
Kyle Pitts,ATL,TE,1,1,0,0.0,0.0,0.0,0.0,0.0,0.0,0.0,0.0,0.0,0.0,0.0,0.0,0.0,0.0,0.0,0.0,0.0,0.0,0.0,0.0,0.0,0.0,0.0,0,0,0,0,0,0,0,0,3,3,26,8.7,1,1,12,8.7,3.0,26.0,0,0.0,0,0,0,Atlanta Falcons,NFC,NFC South
Tony Pollard,TEN,RB,1,1,0,0.0,0.0,0.0,0.0,0.0,0.0,0.0,0.0,0.0,0.0,0.0,0.0,0.0,0.0,0.0,0.0,0.0,0.0,0.0,0.0,0.0,0.0,0.0,0,0,0,0,0,0,0,0,4,3,12,4.0,0,0,8,3.0,3.0,12.0,0,1.0,0,0,0,Tennessee Titans,AFC,AFC South
Calvin Ridley,TEN,WR,1,1,0,0.0,0.0,0.0,0.0,0.0,0.0,0.0,0.0,0.0,0.0,0.0,0.0,0.0,0.0,0.0,0.0,0.0,0.0,0.0,0.0,0.0,0.0,0.0,0,0,0,0,0,0,0,0,7,3,50,16.7,0,2,22,7.1,3.0,50.0,0,9.6,0,0,0,Tennessee Titans,AFC,AFC South
Brian Robinson Jr.,WAS,RB,1,1,0,0.0,0.0,0.0,0.0,0.0,0.0,0.0,0.0,0.0,0.0,0.0,0.0,0.0,0.0,0.0,0.0,0.0,0.0,0.0,0.0,0.0,0.0,0.0,0,0,0,0,0,0,0,0,4,3,49,16.3,0,1,32,12.3,3.0,49.0,0,4.0,0,0,0,Washington Commanders,NFC,NFC East
Dalton Schultz,HOU,TE,1,1,0,0.0,0.0,0.0,0.0,0.0,0.0,0.0,0.0,0.0,0.0,0.0,0.0,0.0,0.0,0.0,0.0,0.0,0.0,0.0,0.0,0.0,0.0,0.0,0,0,0,0,0,0,0,0,3,3,16,5.3,0,0,7,5.3,3.0,16.0,0,0.0,0,0,0,Houston Texans,AFC,AFC South
Rashid Shaheed,NOR,WR,1,1,0,0.0,0.0,0.0,0.0,0.0,0.0,0.0,0.0,0.0,0.0,0.0,0.0,0.0,0.0,0.0,0.0,0.0,0.0,0.0,0.0,0.0,0.0,0.0,0,0,0,0,0,0,0,0,5,3,73,24.3,1,2,59,14.6,3.0,73.0,0,9.700000000000001,0,0,0,New Orleans Saints,NFC,NFC South
Khalil Shakir,BUF,WR,1,1,0,0.0,0.0,0.0,0.0,0.0,0.0,0.0,0.0,0.0,0.0,0.0,0.0,0.0,0.0,0.0,0.0,0.0,0.0,0.0,0.0,0.0,0.0,0.0,0,0,0,0,0,0,0,0,3,3,42,14.0,1,2,19,14.0,3.0,42.0,0,0.0,0,0,0,Buffalo Bills,AFC,AFC East
Darius Slayton,NYG,WR,1,0,0,0.0,0.0,0.0,0.0,0.0,0.0,0.0,0.0,0.0,0.0,0.0,0.0,0.0,0.0,0.0,0.0,0.0,0.0,0.0,0.0,0.0,0.0,0.0,0,0,0,0,0,0,0,0,4,3,26,8.7,0,2,11,6.5,3.0,26.0,1,2.1999999999999993,0,0,0,New York Giants,NFC,NFC East
Amon-Ra St. Brown,DET,WR,1,1,0,0.0,0.0,0.0,0.0,0.0,0.0,0.0,0.0,0.0,0.0,0.0,0.0,0.0,0.0,0.0,0.0,0.0,0.0,0.0,0.0,0.0,0.0,0.0,0,0,0,0,0,0,0,0,6,3,13,4.3,0,0,5,2.2,3.0,13.0,0,2.0999999999999996,0,0,0,Detroit Lions,NFC,NFC North
Rhamondre Stevenson,NWE,RB,1,1,0,0.0,0.0,0.0,0.0,0.0,0.0,0.0,0.0,0.0,0.0,0.0,0.0,0.0,0.0,0.0,0.0,0.0,0.0,0.0,0.0,0.0,0.0,0.0,0,0,0,0,0,0,0,0,3,3,6,2.0,0,0,6,2.0,3.0,6.0,1,0.0,0,0,0,New England Patriots,AFC,AFC East
Adam Thielen,CAR,WR,1,1,0,0.0,0.0,0.0,0.0,0.0,0.0,0.0,0.0,0.0,0.0,0.0,0.0,0.0,0.0,0.0,0.0,0.0,0.0,0.0,0.0,0.0,0.0,0.0,0,0,0,0,0,0,0,0,4,3,49,16.3,0,2,32,12.3,3.0,49.0,0,4.0,0,0,0,Carolina Panthers,NFC,NFC South
Christian Watson,GNB,WR,1,1,0,0.0,0.0,0.0,0.0,0.0,0.0,0.0,0.0,0.0,0.0,0.0,0.0,0.0,0.0,0.0,0.0,0.0,0.0,0.0,0.0,0.0,0.0,0.0,0,0,0,0,0,0,0,0,5,3,13,4.3,1,1,6,2.6,3.0,13.0,0,1.6999999999999997,0,0,0,Green Bay Packers,NFC,NFC North
Kyren Williams,LAR,RB,1,1,0,0.0,0.0,0.0,0.0,0.0,0.0,0.0,0.0,0.0,0.0,0.0,0.0,0.0,0.0,0.0,0.0,0.0,0.0,0.0,0.0,0.0,0.0,0.0,0,0,0,0,0,0,0,0,3,3,4,1.3,0,0,8,1.3,3.0,4.0,0,0.0,0,0,0,Los Angeles Rams,NFC,NFC West
Brandon Aiyuk,SFO,WR,1,1,0,0.0,0.0,0.0,0.0,0.0,0.0,0.0,0.0,0.0,0.0,0.0,0.0,0.0,0.0,0.0,0.0,0.0,0.0,0.0,0.0,0.0,0.0,0.0,0,0,0,0,0,0,0,0,5,2,28,14.0,0,2,14,5.6,2.0,28.0,0,8.4,0,0,0,San Francisco 49ers,NFC,NFC West
Mark Andrews,BAL,TE,1,1,0,0.0,0.0,0.0,0.0,0.0,0.0,0.0,0.0,0.0,0.0,0.0,0.0,0.0,0.0,0.0,0.0,0.0,0.0,0.0,0.0,0.0,0.0,0.0,0,0,0,0,0,0,0,0,2,2,14,7.0,0,1,11,7.0,2.0,14.0,0,0.0,0,0,0,Baltimore Ravens,AFC,AFC North
Saquon Barkley,PHI,RB,1,1,0,0.0,0.0,0.0,0.0,0.0,0.0,0.0,0.0,0.0,0.0,0.0,0.0,0.0,0.0,0.0,0.0,0.0,0.0,0.0,0.0,0.0,0.0,0.0,0,0,0,0,0,0,0,0,2,2,23,11.5,1,1,18,11.5,2.0,23.0,0,0.0,0,0,0,Philadelphia Eagles,NFC,NFC East
Rashod Bateman,BAL,WR,1,1,0,0.0,0.0,0.0,0.0,0.0,0.0,0.0,0.0,0.0,0.0,0.0,0.0,0.0,0.0,0.0,0.0,0.0,0.0,0.0,0.0,0.0,0.0,0.0,0,0,0,0,0,0,0,0,5,2,53,26.5,0,2,38,10.6,2.0,53.0,0,15.9,0,0,0,Baltimore Ravens,AFC,AFC North
Zach Charbonnet,SEA,RB,1,0,0,0.0,0.0,0.0,0.0,0.0,0.0,0.0,0.0,0.0,0.0,0.0,0.0,0.0,0.0,0.0,0.0,0.0,0.0,0.0,0.0,0.0,0.0,0.0,0,0,0,0,0,0,0,0,3,2,29,14.5,1,1,30,9.7,2.0,29.0,0,4.800000000000001,0,0,0,Seattle Seahawks,NFC,NFC West
Amari Cooper,CLE,WR,1,1,0,0.0,0.0,0.0,0.0,0.0,0.0,0.0,0.0,0.0,0.0,0.0,0.0,0.0,0.0,0.0,0.0,0.0,0.0,0.0,0.0,0.0,0.0,0.0,0,0,0,0,0,0,0,0,9,2,16,8.0,0,2,10,1.8,2.0,16.0,0,6.2,0,0,0,Cleveland Browns,AFC,AFC North
Emari Demercado,ARI,RB,1,0,0,0.0,0.0,0.0,0.0,0.0,0.0,0.0,0.0,0.0,0.0,0.0,0.0,0.0,0.0,0.0,0.0,0.0,0.0,0.0,0.0,0.0,0.0,0.0,0,0,0,0,0,0,0,0,2,2,26,13.0,0,1,24,13.0,2.0,26.0,0,0.0,0,0,0,Arizona Cardinals,NFC,NFC West
Demario Douglas,NWE,WR,1,1,0,0.0,0.0,0.0,0.0,0.0,0.0,0.0,0.0,0.0,0.0,0.0,0.0,0.0,0.0,0.0,0.0,0.0,0.0,0.0,0.0,0.0,0.0,0.0,0,0,0,0,0,0,0,0,3,2,12,6.0,0,1,9,4.0,2.0,12.0,0,2.0,0,0,0,New England Patriots,AFC,AFC East
Greg Dulcich,DEN,TE,1,1,0,0.0,0.0,0.0,0.0,0.0,0.0,0.0,0.0,0.0,0.0,0.0,0.0,0.0,0.0,0.0,0.0,0.0,0.0,0.0,0.0,0.0,0.0,0.0,0,0,0,0,0,0,0,0,3,2,12,6.0,0,0,7,4.0,2.0,12.0,0,2.0,0,0,0,Denver Broncos,AFC,AFC West
Ezekiel Elliott,DAL,RB,1,1,0,0.0,0.0,0.0,0.0,0.0,0.0,0.0,0.0,0.0,0.0,0.0,0.0,0.0,0.0,0.0,0.0,0.0,0.0,0.0,0.0,0.0,0.0,0.0,0,0,0,0,0,0,0,0,2,2,9,4.5,0,1,9,4.5,2.0,9.0,0,0.0,0,0,0,Dallas Cowboys,NFC,NFC East
Travis Etienne,JAX,RB,1,1,0,0.0,0.0,0.0,0.0,0.0,0.0,0.0,0.0,0.0,0.0,0.0,0.0,0.0,0.0,0.0,0.0,0.0,0.0,0.0,0.0,0.0,0.0,0.0,0,0,0,0,0,0,0,0,3,2,15,7.5,0,1,12,5.0,2.0,15.0,1,2.5,0,0,0,Jacksonville Jaguars,AFC,AFC South
Noah Fant,SEA,TE,1,1,0,0.0,0.0,0.0,0.0,0.0,0.0,0.0,0.0,0.0,0.0,0.0,0.0,0.0,0.0,0.0,0.0,0.0,0.0,0.0,0.0,0.0,0.0,0.0,0,0,0,0,0,0,0,0,4,2,11,5.5,0,0,9,2.8,2.0,11.0,0,2.7,0,0,0,Seattle Seahawks,NFC,NFC West
C.J. Ham,MIN,FB,1,1,0,0.0,0.0,0.0,0.0,0.0,0.0,0.0,0.0,0.0,0.0,0.0,0.0,0.0,0.0,0.0,0.0,0.0,0.0,0.0,0.0,0.0,0.0,0.0,0,0,0,0,0,0,0,0,2,2,11,5.5,0,0,8,5.5,2.0,11.0,1,0.0,0,0,0,Minnesota Vikings,NFC,NFC North
Hunter Henry,NWE,TE,1,1,0,0.0,0.0,0.0,0.0,0.0,0.0,0.0,0.0,0.0,0.0,0.0,0.0,0.0,0.0,0.0,0.0,0.0,0.0,0.0,0.0,0.0,0.0,0.0,0,0,0,0,0,0,0,0,3,2,18,9.0,0,1,9,6.0,2.0,18.0,0,3.0,0,0,0,New England Patriots,AFC,AFC East
Elijah Higgins,ARI,TE,1,0,0,0.0,0.0,0.0,0.0,0.0,0.0,0.0,0.0,0.0,0.0,0.0,0.0,0.0,0.0,0.0,0.0,0.0,0.0,0.0,0.0,0.0,0.0,0.0,0,0,0,0,0,0,0,0,2,2,12,6.0,0,1,7,6.0,2.0,12.0,0,0.0,0,0,0,Arizona Cardinals,NFC,NFC West
Mack Hollins,BUF,WR,1,0,0,0.0,0.0,0.0,0.0,0.0,0.0,0.0,0.0,0.0,0.0,0.0,0.0,0.0,0.0,0.0,0.0,0.0,0.0,0.0,0.0,0.0,0.0,0.0,0,0,0,0,0,0,0,0,2,2,25,12.5,1,2,14,12.5,2.0,25.0,0,0.0,0,0,0,Buffalo Bills,AFC,AFC East
Austin Hooper,NWE,TE,1,0,0,0.0,0.0,0.0,0.0,0.0,0.0,0.0,0.0,0.0,0.0,0.0,0.0,0.0,0.0,0.0,0.0,0.0,0.0,0.0,0.0,0.0,0.0,0.0,0,0,0,0,0,0,0,0,4,2,31,15.5,0,2,16,7.8,2.0,31.0,0,7.7,0,0,0,New England Patriots,AFC,AFC East
Tanner Hudson,CIN,TE,1,0,0,0.0,0.0,0.0,0.0,0.0,0.0,0.0,0.0,0.0,0.0,0.0,0.0,0.0,0.0,0.0,0.0,0.0,0.0,0.0,0.0,0.0,0.0,0.0,0,0,0,0,0,0,0,0,3,2,18,9.0,0,0,13,6.0,2.0,18.0,1,3.0,0,0,0,Cincinnati Bengals,AFC,AFC North
Hayden Hurst,LAC,TE,1,0,0,0.0,0.0,0.0,0.0,0.0,0.0,0.0,0.0,0.0,0.0,0.0,0.0,0.0,0.0,0.0,0.0,0.0,0.0,0.0,0.0,0.0,0.0,0.0,0,0,0,0,0,0,0,0,3,2,33,16.5,0,1,27,11.0,2.0,33.0,0,5.5,0,0,0,Los Angeles Chargers,AFC,AFC West
Bucky Irving,TAM,RB,1,0,0,0.0,0.0,0.0,0.0,0.0,0.0,0.0,0.0,0.0,0.0,0.0,0.0,0.0,0.0,0.0,0.0,0.0,0.0,0.0,0.0,0.0,0.0,0.0,0,0,0,0,0,0,0,0,3,2,14,7.0,0,0,9,4.7,2.0,14.0,0,2.3,0,0,0,Tampa Bay Buccaneers,NFC,NFC South
Josh Jacobs,GNB,RB,1,1,0,0.0,0.0,0.0,0.0,0.0,0.0,0.0,0.0,0.0,0.0,0.0,0.0,0.0,0.0,0.0,0.0,0.0,0.0,0.0,0.0,0.0,0.0,0.0,0,0,0,0,0,0,0,0,3,2,20,10.0,0,1,11,6.7,2.0,20.0,1,3.3,0,0,0,Green Bay Packers,NFC,NFC North
Diontae Johnson,CAR,WR,1,1,0,0.0,0.0,0.0,0.0,0.0,0.0,0.0,0.0,0.0,0.0,0.0,0.0,0.0,0.0,0.0,0.0,0.0,0.0,0.0,0.0,0.0,0.0,0.0,0,0,0,0,0,0,0,0,6,2,19,9.5,0,2,11,3.2,2.0,19.0,0,6.3,0,0,0,Carolina Panthers,NFC,NFC South
Juwan Johnson,NOR,TE,1,0,0,0.0,0.0,0.0,0.0,0.0,0.0,0.0,0.0,0.0,0.0,0.0,0.0,0.0,0.0,0.0,0.0,0.0,0.0,0.0,0.0,0.0,0.0,0.0,0,0,0,0,0,0,0,0,3,2,26,13.0,1,1,16,8.7,2.0,26.0,0,4.300000000000001,0,0,0,New Orleans Saints,NFC,NFC South
Aaron Jones,MIN,RB,1,1,0,0.0,0.0,0.0,0.0,0.0,0.0,0.0,0.0,0.0,0.0,0.0,0.0,0.0,0.0,0.0,0.0,0.0,0.0,0.0,0.0,0.0,0.0,0.0,0,0,0,0,0,0,0,0,2,2,15,7.5,0,0,9,7.5,2.0,15.0,0,0.0,0,0,0,Minnesota Vikings,NFC,NFC North
Kyle Juszczyk,SFO,FB,1,1,0,0.0,0.0,0.0,0.0,0.0,0.0,0.0,0.0,0.0,0.0,0.0,0.0,0.0,0.0,0.0,0.0,0.0,0.0,0.0,0.0,0.0,0.0,0.0,0,0,0,0,0,0,0,0,3,2,40,20.0,0,1,34,13.3,2.0,40.0,0,6.699999999999999,0,0,0,San Francisco 49ers,NFC,NFC West
Tucker Kraft,GNB,TE,1,1,0,0.0,0.0,0.0,0.0,0.0,0.0,0.0,0.0,0.0,0.0,0.0,0.0,0.0,0.0,0.0,0.0,0.0,0.0,0.0,0.0,0.0,0.0,0.0,0,0,0,0,0,0,0,0,3,2,37,18.5,0,1,29,12.3,2.0,37.0,0,6.199999999999999,0,0,0,Green Bay Packers,NFC,NFC North
Drake London,ATL,WR,1,1,0,0.0,0.0,0.0,0.0,0.0,0.0,0.0,0.0,0.0,0.0,0.0,0.0,0.0,0.0,0.0,0.0,0.0,0.0,0.0,0.0,0.0,0.0,0.0,0,0,0,0,0,0,0,0,3,2,15,7.5,0,1,8,5.0,2.0,15.0,0,2.5,0,0,0,Atlanta Falcons,NFC,NFC South
Hunter Luepke,DAL,RB,1,0,0,0.0,0.0,0.0,0.0,0.0,0.0,0.0,0.0,0.0,0.0,0.0,0.0,0.0,0.0,0.0,0.0,0.0,0.0,0.0,0.0,0.0,0.0,0.0,0,0,0,0,0,0,0,0,2,2,18,9.0,0,1,12,9.0,2.0,18.0,0,0.0,0,0,0,Dallas Cowboys,NFC,NFC East
Michael Mayer,LVR,TE,1,1,0,0.0,0.0,0.0,0.0,0.0,0.0,0.0,0.0,0.0,0.0,0.0,0.0,0.0,0.0,0.0,0.0,0.0,0.0,0.0,0.0,0.0,0.0,0.0,0,0,0,0,0,0,0,0,3,2,3,1.5,0,1,3,1.0,2.0,3.0,0,0.5,0,0,0,Las Vegas Raiders,AFC,AFC West
Terry McLaurin,WAS,WR,1,1,0,0.0,0.0,0.0,0.0,0.0,0.0,0.0,0.0,0.0,0.0,0.0,0.0,0.0,0.0,0.0,0.0,0.0,0.0,0.0,0.0,0.0,0.0,0.0,0,0,0,0,0,0,0,0,4,2,17,8.5,0,1,11,4.3,2.0,17.0,0,4.2,0,0,0,Washington Commanders,NFC,NFC East
Jonathan Mingo,CAR,WR,1,0,0,0.0,0.0,0.0,0.0,0.0,0.0,0.0,0.0,0.0,0.0,0.0,0.0,0.0,0.0,0.0,0.0,0.0,0.0,0.0,0.0,0.0,0.0,0.0,0,0,0,0,0,0,0,0,5,2,40,20.0,0,1,35,8.0,2.0,40.0,1,12.0,0,0,0,Carolina Panthers,NFC,NFC South
Zack Moss,CIN,RB,1,1,0,0.0,0.0,0.0,0.0,0.0,0.0,0.0,0.0,0.0,0.0,0.0,0.0,0.0,0.0,0.0,0.0,0.0,0.0,0.0,0.0,0.0,0.0,0.0,0,0,0,0,0,0,0,0,4,2,17,8.5,0,1,12,4.3,2.0,17.0,0,4.2,0,0,0,Cincinnati Bengals,AFC,AFC North
Raheem Mostert,MIA,RB,1,1,0,0.0,0.0,0.0,0.0,0.0,0.0,0.0,0.0,0.0,0.0,0.0,0.0,0.0,0.0,0.0,0.0,0.0,0.0,0.0,0.0,0.0,0.0,0.0,0,0,0,0,0,0,0,0,3,2,10,5.0,0,1,7,3.3,2.0,10.0,0,1.7000000000000002,0,0,0,Miami Dolphins,AFC,AFC East
Johnny Mundt,MIN,TE,1,0,0,0.0,0.0,0.0,0.0,0.0,0.0,0.0,0.0,0.0,0.0,0.0,0.0,0.0,0.0,0.0,0.0,0.0,0.0,0.0,0.0,0.0,0.0,0.0,0,0,0,0,0,0,0,0,3,2,15,7.5,0,0,9,5.0,2.0,15.0,0,2.5,0,0,0,Minnesota Vikings,NFC,NFC North
Chigoziem Okonkwo,TEN,TE,1,1,0,0.0,0.0,0.0,0.0,0.0,0.0,0.0,0.0,0.0,0.0,0.0,0.0,0.0,0.0,0.0,0.0,0.0,0.0,0.0,0.0,0.0,0.0,0.0,0,0,0,0,0,0,0,0,2,2,15,7.5,1,1,17,7.5,2.0,15.0,0,0.0,0,0,0,Tennessee Titans,AFC,AFC South
Chris Olave,NOR,WR,1,1,0,0.0,0.0,0.0,0.0,0.0,0.0,0.0,0.0,0.0,0.0,0.0,0.0,0.0,0.0,0.0,0.0,0.0,0.0,0.0,0.0,0.0,0.0,0.0,0,0,0,0,0,0,0,0,2,2,11,5.5,0,1,17,5.5,2.0,11.0,0,0.0,0,0,0,New Orleans Saints,NFC,NFC South
Josh Oliver,MIN,TE,1,1,0,0.0,0.0,0.0,0.0,0.0,0.0,0.0,0.0,0.0,0.0,0.0,0.0,0.0,0.0,0.0,0.0,0.0,0.0,0.0,0.0,0.0,0.0,0.0,0,0,0,0,0,0,0,0,2,2,27,13.5,0,1,22,13.5,2.0,27.0,0,0.0,0,0,0,Minnesota Vikings,NFC,NFC North
Isiah Pacheco,KAN,RB,1,1,0,0.0,0.0,0.0,0.0,0.0,0.0,0.0,0.0,0.0,0.0,0.0,0.0,0.0,0.0,0.0,0.0,0.0,0.0,0.0,0.0,0.0,0.0,0.0,0,0,0,0,0,0,0,0,3,2,33,16.5,0,2,23,11.0,2.0,33.0,0,5.5,0,0,0,Kansas City Chiefs,AFC,AFC West
Josh Palmer,LAC,WR,1,1,0,0.0,0.0,0.0,0.0,0.0,0.0,0.0,0.0,0.0,0.0,0.0,0.0,0.0,0.0,0.0,0.0,0.0,0.0,0.0,0.0,0.0,0.0,0.0,0,0,0,0,0,0,0,0,4,2,15,7.5,0,1,11,3.8,2.0,15.0,0,3.7,0,0,0,Los Angeles Chargers,AFC,AFC West
Curtis Samuel,BUF,WR,1,0,0,0.0,0.0,0.0,0.0,0.0,0.0,0.0,0.0,0.0,0.0,0.0,0.0,0.0,0.0,0.0,0.0,0.0,0.0,0.0,0.0,0.0,0.0,0.0,0,0,0,0,0,0,0,0,2,2,15,7.5,0,0,8,7.5,2.0,15.0,0,0.0,0,0,0,Buffalo Bills,AFC,AFC East
Jaxon Smith-Njigba,SEA,WR,1,1,0,0.0,0.0,0.0,0.0,0.0,0.0,0.0,0.0,0.0,0.0,0.0,0.0,0.0,0.0,0.0,0.0,0.0,0.0,0.0,0.0,0.0,0.0,0.0,0,0,0,0,0,0,0,0,2,2,19,9.5,0,2,10,9.5,2.0,19.0,0,0.0,0,0,0,Seattle Seahawks,NFC,NFC West
Pierre Strong,CLE,RB,1,0,0,0.0,0.0,0.0,0.0,0.0,0.0,0.0,0.0,0.0,0.0,0.0,0.0,0.0,0.0,0.0,0.0,0.0,0.0,0.0,0.0,0.0,0.0,0.0,0,0,0,0,0,0,0,0,3,2,20,10.0,0,1,20,6.7,2.0,20.0,0,3.3,0,0,0,Cleveland Browns,AFC,AFC North
Tyquan Thornton,NWE,WR,1,1,0,0.0,0.0,0.0,0.0,0.0,0.0,0.0,0.0,0.0,0.0,0.0,0.0,0.0,0.0,0.0,0.0,0.0,0.0,0.0,0.0,0.0,0.0,0.0,0,0,0,0,0,0,0,0,3,2,27,13.5,0,1,17,9.0,2.0,27.0,0,4.5,0,0,0,New England Patriots,AFC,AFC East
Tre Tucker,LVR,WR,1,1,0,0.0,0.0,0.0,0.0,0.0,0.0,0.0,0.0,0.0,0.0,0.0,0.0,0.0,0.0,0.0,0.0,0.0,0.0,0.0,0.0,0.0,0.0,0.0,0,0,0,0,0,0,0,0,3,2,22,11.0,0,1,14,7.3,2.0,22.0,0,3.7,0,0,0,Las Vegas Raiders,AFC,AFC West
Nick Vannett,TEN,TE,1,0,0,0.0,0.0,0.0,0.0,0.0,0.0,0.0,0.0,0.0,0.0,0.0,0.0,0.0,0.0,0.0,0.0,0.0,0.0,0.0,0.0,0.0,0.0,0.0,0,0,0,0,0,0,0,0,2,2,11,5.5,0,0,8,5.5,2.0,11.0,0,0.0,0,0,0,Tennessee Titans,AFC,AFC South
Kenneth Walker III,SEA,RB,1,1,0,0.0,0.0,0.0,0.0,0.0,0.0,0.0,0.0,0.0,0.0,0.0,0.0,0.0,0.0,0.0,0.0,0.0,0.0,0.0,0.0,0.0,0.0,0.0,0,0,0,0,0,0,0,0,3,2,6,3.0,0,1,8,2.0,2.0,6.0,0,1.0,0,0,0,Seattle Seahawks,NFC,NFC West
Jaylen Warren,PIT,RB,1,0,0,0.0,0.0,0.0,0.0,0.0,0.0,0.0,0.0,0.0,0.0,0.0,0.0,0.0,0.0,0.0,0.0,0.0,0.0,0.0,0.0,0.0,0.0,0.0,0,0,0,0,0,0,0,0,2,2,13,6.5,0,0,9,6.5,2.0,13.0,0,0.0,0,0,0,Pittsburgh Steelers,AFC,AFC North
Zamir White,LVR,RB,1,1,0,0.0,0.0,0.0,0.0,0.0,0.0,0.0,0.0,0.0,0.0,0.0,0.0,0.0,0.0,0.0,0.0,0.0,0.0,0.0,0.0,0.0,0.0,0.0,0,0,0,0,0,0,0,0,2,2,2,1.0,0,0,1,1.0,2.0,2.0,1,0.0,0,0,0,Las Vegas Raiders,AFC,AFC West
Emanuel Wilson,GNB,RB,1,0,0,0.0,0.0,0.0,0.0,0.0,0.0,0.0,0.0,0.0,0.0,0.0,0.0,0.0,0.0,0.0,0.0,0.0,0.0,0.0,0.0,0.0,0.0,0.0,0,0,0,0,0,0,0,0,3,2,2,1.0,0,1,2,0.7,2.0,2.0,0,0.30000000000000004,0,0,0,Green Bay Packers,NFC,NFC North
Xavier Worthy,KAN,WR,1,1,0,0.0,0.0,0.0,0.0,0.0,0.0,0.0,0.0,0.0,0.0,0.0,0.0,0.0,0.0,0.0,0.0,0.0,0.0,0.0,0.0,0.0,0.0,0.0,0,0,0,0,0,0,0,0,3,2,47,23.5,1,2,35,15.7,2.0,47.0,0,7.800000000000001,0,0,0,Kansas City Chiefs,AFC,AFC West
Nelson Agholor,BAL,WR,1,0,0,0.0,0.0,0.0,0.0,0.0,0.0,0.0,0.0,0.0,0.0,0.0,0.0,0.0,0.0,0.0,0.0,0.0,0.0,0.0,0.0,0.0,0.0,0.0,0,0,0,0,0,0,0,0,1,1,6,6.0,0,0,6,6.0,1.0,6.0,0,0.0,0,0,0,Baltimore Ravens,AFC,AFC North
Braelon Allen,NYJ,RB,1,0,0,0.0,0.0,0.0,0.0,0.0,0.0,0.0,0.0,0.0,0.0,0.0,0.0,0.0,0.0,0.0,0.0,0.0,0.0,0.0,0.0,0.0,0.0,0.0,0,0,0,0,0,0,0,0,1,1,9,9.0,0,0,9,9.0,1.0,9.0,0,0.0,0,0,0,New York Jets,AFC,AFC East
Calvin Austin,PIT,WR,1,0,0,0.0,0.0,0.0,0.0,0.0,0.0,0.0,0.0,0.0,0.0,0.0,0.0,0.0,0.0,0.0,0.0,0.0,0.0,0.0,0.0,0.0,0.0,0.0,0,0,0,0,0,0,0,0,2,1,7,7.0,0,0,7,3.5,1.0,7.0,0,3.5,0,0,0,Pittsburgh Steelers,AFC,AFC North
Daniel Bellinger,NYG,TE,1,1,0,0.0,0.0,0.0,0.0,0.0,0.0,0.0,0.0,0.0,0.0,0.0,0.0,0.0,0.0,0.0,0.0,0.0,0.0,0.0,0.0,0.0,0.0,0.0,0,0,0,0,0,0,0,0,1,1,3,3.0,0,0,3,3.0,1.0,3.0,0,0.0,0,0,0,New York Giants,NFC,NFC East
Trey Benson,ARI,RB,1,0,0,0.0,0.0,0.0,0.0,0.0,0.0,0.0,0.0,0.0,0.0,0.0,0.0,0.0,0.0,0.0,0.0,0.0,0.0,0.0,0.0,0.0,0.0,0.0,0,0,0,0,0,0,0,0,1,1,5,5.0,0,0,5,5.0,1.0,5.0,0,0.0,0,0,0,Arizona Cardinals,NFC,NFC West
Jalen Brooks,DAL,WR,1,0,0,0.0,0.0,0.0,0.0,0.0,0.0,0.0,0.0,0.0,0.0,0.0,0.0,0.0,0.0,0.0,0.0,0.0,0.0,0.0,0.0,0.0,0.0,0.0,0,0,0,0,0,0,0,0,1,1,18,18.0,0,1,18,18.0,1.0,18.0,0,0.0,0,0,0,Dallas Cowboys,NFC,NFC East
Treylon Burks,TEN,WR,1,0,0,0.0,0.0,0.0,0.0,0.0,0.0,0.0,0.0,0.0,0.0,0.0,0.0,0.0,0.0,0.0,0.0,0.0,0.0,0.0,0.0,0.0,0.0,0.0,0,0,0,0,0,0,0,0,2,1,2,2.0,0,0,2,1.0,1.0,2.0,0,1.0,0,0,0,Tennessee Titans,AFC,AFC South
Michael Burton,DEN,FB,1,0,0,0.0,0.0,0.0,0.0,0.0,0.0,0.0,0.0,0.0,0.0,0.0,0.0,0.0,0.0,0.0,0.0,0.0,0.0,0.0,0.0,0.0,0.0,0.0,0,0,0,0,0,0,0,0,1,1,3,3.0,0,0,3,3.0,1.0,3.0,0,0.0,0,0,0,Denver Broncos,AFC,AFC West
Grant Calcaterra,PHI,TE,1,1,0,0.0,0.0,0.0,0.0,0.0,0.0,0.0,0.0,0.0,0.0,0.0,0.0,0.0,0.0,0.0,0.0,0.0,0.0,0.0,0.0,0.0,0.0,0.0,0,0,0,0,0,0,0,0,1,1,11,11.0,0,1,11,11.0,1.0,11.0,0,0.0,0,0,0,Philadelphia Eagles,NFC,NFC East
DeAndre Carter,CHI,WR,1,0,0,0.0,0.0,0.0,0.0,0.0,0.0,0.0,0.0,0.0,0.0,0.0,0.0,0.0,0.0,0.0,0.0,0.0,0.0,0.0,0.0,0.0,0.0,0.0,0,0,0,0,0,0,0,0,2,1,6,6.0,0,0,6,3.0,1.0,6.0,0,3.0,0,0,0,Chicago Bears,NFC,NFC North
Tyler Conklin,NYJ,TE,1,1,0,0.0,0.0,0.0,0.0,0.0,0.0,0.0,0.0,0.0,0.0,0.0,0.0,0.0,0.0,0.0,0.0,0.0,0.0,0.0,0.0,0.0,0.0,0.0,0,0,0,0,0,0,0,0,2,1,6,6.0,0,0,6,3.0,1.0,6.0,0,3.0,0,0,0,New York Jets,AFC,AFC East
Jamison Crowder,WAS,WR,1,0,0,0.0,0.0,0.0,0.0,0.0,0.0,0.0,0.0,0.0,0.0,0.0,0.0,0.0,0.0,0.0,0.0,0.0,0.0,0.0,0.0,0.0,0.0,0.0,0,0,0,0,0,0,0,0,1,1,5,5.0,0,0,5,5.0,1.0,5.0,0,0.0,0,0,0,Washington Commanders,NFC,NFC East
Ray Davis,BUF,RB,1,0,0,0.0,0.0,0.0,0.0,0.0,0.0,0.0,0.0,0.0,0.0,0.0,0.0,0.0,0.0,0.0,0.0,0.0,0.0,0.0,0.0,0.0,0.0,0.0,0,0,0,0,0,0,0,0,1,1,14,14.0,0,1,14,14.0,1.0,14.0,0,0.0,0,0,0,Buffalo Bills,AFC,AFC East
Will Dissly,LAC,TE,1,1,0,0.0,0.0,0.0,0.0,0.0,0.0,0.0,0.0,0.0,0.0,0.0,0.0,0.0,0.0,0.0,0.0,0.0,0.0,0.0,0.0,0.0,0.0,0.0,0,0,0,0,0,0,0,0,1,1,13,13.0,0,1,13,13.0,1.0,13.0,0,0.0,0,0,0,Los Angeles Chargers,AFC,AFC West
Rico Dowdle,DAL,RB,1,0,0,0.0,0.0,0.0,0.0,0.0,0.0,0.0,0.0,0.0,0.0,0.0,0.0,0.0,0.0,0.0,0.0,0.0,0.0,0.0,0.0,0.0,0.0,0.0,0,0,0,0,0,0,0,0,1,1,6,6.0,0,0,6,6.0,1.0,6.0,0,0.0,0,0,0,Dallas Cowboys,NFC,NFC East
Ashton Dulin,IND,WR,1,0,0,0.0,0.0,0.0,0.0,0.0,0.0,0.0,0.0,0.0,0.0,0.0,0.0,0.0,0.0,0.0,0.0,0.0,0.0,0.0,0.0,0.0,0.0,0.0,0,0,0,0,0,0,0,0,1,1,54,54.0,1,1,54,54.0,1.0,54.0,0,0.0,0,0,0,Indianapolis Colts,AFC,AFC South
Gus Edwards,LAC,RB,1,1,0,0.0,0.0,0.0,0.0,0.0,0.0,0.0,0.0,0.0,0.0,0.0,0.0,0.0,0.0,0.0,0.0,0.0,0.0,0.0,0.0,0.0,0.0,0.0,0,0,0,0,0,0,0,0,1,1,2,2.0,0,0,2,2.0,1.0,2.0,0,0.0,0,0,0,Los Angeles Chargers,AFC,AFC West
Evan Engram,JAX,TE,1,1,0,0.0,0.0,0.0,0.0,0.0,0.0,0.0,0.0,0.0,0.0,0.0,0.0,0.0,0.0,0.0,0.0,0.0,0.0,0.0,0.0,0.0,0.0,0.0,0,0,0,0,0,0,0,0,4,1,5,5.0,0,0,5,1.3,1.0,5.0,0,3.7,0,0,0,Jacksonville Jaguars,AFC,AFC South
Gerald Everett,CHI,TE,1,1,0,0.0,0.0,0.0,0.0,0.0,0.0,0.0,0.0,0.0,0.0,0.0,0.0,0.0,0.0,0.0,0.0,0.0,0.0,0.0,0.0,0.0,0.0,0.0,0,0,0,0,0,0,0,0,1,1,-1,-1.0,0,0,-1,-1.0,1.0,-1.0,0,0.0,0,0,0,Chicago Bears,NFC,NFC North
Kenneth Gainwell,PHI,RB,1,0,0,0.0,0.0,0.0,0.0,0.0,0.0,0.0,0.0,0.0,0.0,0.0,0.0,0.0,0.0,0.0,0.0,0.0,0.0,0.0,0.0,0.0,0.0,0.0,0,0,0,0,0,0,0,0,1,1,10,10.0,0,1,10,10.0,1.0,10.0,0,0.0,0,0,0,Philadelphia Eagles,NFC,NFC East
Eric Gray,NYG,RB,1,0,0,0.0,0.0,0.0,0.0,0.0,0.0,0.0,0.0,0.0,0.0,0.0,0.0,0.0,0.0,0.0,0.0,0.0,0.0,0.0,0.0,0.0,0.0,0.0,0,0,0,0,0,0,0,0,1,1,9,9.0,0,0,9,9.0,1.0,9.0,0,0.0,0,0,0,New York Giants,NFC,NFC East
Najee Harris,PIT,RB,1,1,0,0.0,0.0,0.0,0.0,0.0,0.0,0.0,0.0,0.0,0.0,0.0,0.0,0.0,0.0,0.0,0.0,0.0,0.0,0.0,0.0,0.0,0.0,0.0,0,0,0,0,0,0,0,0,2,1,9,9.0,0,0,9,4.5,1.0,9.0,0,4.5,0,0,0,Pittsburgh Steelers,AFC,AFC North
Marvin Harrison Jr.,ARI,WR,1,1,0,0.0,0.0,0.0,0.0,0.0,0.0,0.0,0.0,0.0,0.0,0.0,0.0,0.0,0.0,0.0,0.0,0.0,0.0,0.0,0.0,0.0,0.0,0.0,0,0,0,0,0,0,0,0,3,1,4,4.0,0,0,4,1.3,1.0,4.0,0,2.7,0,0,0,Arizona Cardinals,NFC,NFC West
Julian Hill,MIA,TE,1,1,0,0.0,0.0,0.0,0.0,0.0,0.0,0.0,0.0,0.0,0.0,0.0,0.0,0.0,0.0,0.0,0.0,0.0,0.0,0.0,0.0,0.0,0.0,0.0,0,0,0,0,0,0,0,0,1,1,6,6.0,0,0,6,6.0,1.0,6.0,0,0.0,0,0,0,Miami Dolphins,AFC,AFC East
Taysom Hill,NOR,TE,1,1,0,0.0,0.0,0.0,0.0,0.0,0.0,0.0,0.0,0.0,0.0,0.0,0.0,0.0,0.0,0.0,0.0,0.0,0.0,0.0,0.0,0.0,0.0,0.0,0,0,0,0,0,0,0,0,2,1,1,1.0,0,0,1,0.5,1.0,1.0,0,0.5,0,0,0,New Orleans Saints,NFC,NFC South
DeAndre Hopkins,TEN,WR,1,1,0,0.0,0.0,0.0,0.0,0.0,0.0,0.0,0.0,0.0,0.0,0.0,0.0,0.0,0.0,0.0,0.0,0.0,0.0,0.0,0.0,0.0,0.0,0.0,0,0,0,0,0,0,0,0,1,1,8,8.0,0,0,8,8.0,1.0,8.0,0,0.0,0,0,0,Tennessee Titans,AFC,AFC South
Xavier Hutchinson,HOU,WR,1,0,0,0.0,0.0,0.0,0.0,0.0,0.0,0.0,0.0,0.0,0.0,0.0,0.0,0.0,0.0,0.0,0.0,0.0,0.0,0.0,0.0,0.0,0.0,0.0,0,0,0,0,0,0,0,0,1,1,3,3.0,0,0,3,3.0,1.0,3.0,0,0.0,0,0,0,Houston Texans,AFC,AFC South
Trenton Irwin,CIN,WR,1,1,0,0.0,0.0,0.0,0.0,0.0,0.0,0.0,0.0,0.0,0.0,0.0,0.0,0.0,0.0,0.0,0.0,0.0,0.0,0.0,0.0,0.0,0.0,0.0,0,0,0,0,0,0,0,0,2,1,6,6.0,0,1,6,3.0,1.0,6.0,0,3.0,0,0,0,Cincinnati Bengals,AFC,AFC North
Van Jefferson,PIT,WR,1,1,0,0.0,0.0,0.0,0.0,0.0,0.0,0.0,0.0,0.0,0.0,0.0,0.0,0.0,0.0,0.0,0.0,0.0,0.0,0.0,0.0,0.0,0.0,0.0,0,0,0,0,0,0,0,0,2,1,1,1.0,0,0,1,0.5,1.0,1.0,0,0.5,0,0,0,Pittsburgh Steelers,AFC,AFC North
Theo Johnson,NYG,TE,1,1,0,0.0,0.0,0.0,0.0,0.0,0.0,0.0,0.0,0.0,0.0,0.0,0.0,0.0,0.0,0.0,0.0,0.0,0.0,0.0,0.0,0.0,0.0,0.0,0,0,0,0,0,0,0,0,4,1,18,18.0,0,1,18,4.5,1.0,18.0,0,13.5,0,0,0,New York Giants,NFC,NFC East
Charlie Jones,CIN,WR,1,0,0,0.0,0.0,0.0,0.0,0.0,0.0,0.0,0.0,0.0,0.0,0.0,0.0,0.0,0.0,0.0,0.0,0.0,0.0,0.0,0.0,0.0,0.0,0.0,0,0,0,0,0,0,0,0,1,1,5,5.0,0,0,5,5.0,1.0,5.0,1,0.0,0,0,0,Cincinnati Bengals,AFC,AFC North
Velus Jones Jr.,CHI,WR,1,0,0,0.0,0.0,0.0,0.0,0.0,0.0,0.0,0.0,0.0,0.0,0.0,0.0,0.0,0.0,0.0,0.0,0.0,0.0,0.0,0.0,0.0,0.0,0.0,0,0,0,0,0,0,0,0,1,1,8,8.0,0,0,8,8.0,1.0,8.0,1,0.0,0,0,0,Chicago Bears,NFC,NFC North
Brevin Jordan,HOU,TE,1,0,0,0.0,0.0,0.0,0.0,0.0,0.0,0.0,0.0,0.0,0.0,0.0,0.0,0.0,0.0,0.0,0.0,0.0,0.0,0.0,0.0,0.0,0.0,0.0,0,0,0,0,0,0,0,0,2,1,3,3.0,0,1,3,1.5,1.0,3.0,0,1.5,0,0,0,Houston Texans,AFC,AFC South
Dalton Kincaid,BUF,TE,1,1,0,0.0,0.0,0.0,0.0,0.0,0.0,0.0,0.0,0.0,0.0,0.0,0.0,0.0,0.0,0.0,0.0,0.0,0.0,0.0,0.0,0.0,0.0,0.0,0,0,0,0,0,0,0,0,2,1,11,11.0,0,1,11,5.5,1.0,11.0,0,5.5,0,0,0,Buffalo Bills,AFC,AFC East
Christian Kirk,JAX,WR,1,1,0,0.0,0.0,0.0,0.0,0.0,0.0,0.0,0.0,0.0,0.0,0.0,0.0,0.0,0.0,0.0,0.0,0.0,0.0,0.0,0.0,0.0,0.0,0.0,0,0,0,0,0,0,0,0,4,1,30,30.0,0,1,30,7.5,1.0,30.0,0,22.5,0,0,0,Jacksonville Jaguars,AFC,AFC South
Cole Kmet,CHI,TE,1,0,0,0.0,0.0,0.0,0.0,0.0,0.0,0.0,0.0,0.0,0.0,0.0,0.0,0.0,0.0,0.0,0.0,0.0,0.0,0.0,0.0,0.0,0.0,0.0,0,0,0,0,0,0,0,0,1,1,4,4.0,0,0,4,4.0,1.0,4.0,0,0.0,0,0,0,Chicago Bears,NFC,NFC North
Dawson Knox,BUF,TE,1,1,0,0.0,0.0,0.0,0.0,0.0,0.0,0.0,0.0,0.0,0.0,0.0,0.0,0.0,0.0,0.0,0.0,0.0,0.0,0.0,0.0,0.0,0.0,0.0,0,0,0,0,0,0,0,0,2,1,23,23.0,0,1,23,11.5,1.0,23.0,0,11.5,0,0,0,Buffalo Bills,AFC,AFC East
Patrick Mahomes,KAN,QB,1,1,0,0.0,0.0,0.0,0.0,0.0,0.0,0.0,0.0,0.0,0.0,0.0,0.0,0.0,0.0,0.0,0.0,0.0,0.0,0.0,0.0,0.0,0.0,0.0,0,0,0,0,0,0,0,0,1,1,2,2.0,0,0,2,2.0,1.0,2.0,0,0.0,0,0,0,Kansas City Chiefs,AFC,AFC West
Jordan Mason,SFO,RB,1,1,0,0.0,0.0,0.0,0.0,0.0,0.0,0.0,0.0,0.0,0.0,0.0,0.0,0.0,0.0,0.0,0.0,0.0,0.0,0.0,0.0,0.0,0.0,0.0,0,0,0,0,0,0,0,0,1,1,5,5.0,0,1,5,5.0,1.0,5.0,0,0.0,0,0,0,San Francisco 49ers,NFC,NFC West
Jalen McMillan,TAM,WR,1,1,0,0.0,0.0,0.0,0.0,0.0,0.0,0.0,0.0,0.0,0.0,0.0,0.0,0.0,0.0,0.0,0.0,0.0,0.0,0.0,0.0,0.0,0.0,0.0,0,0,0,0,0,0,0,0,3,1,32,32.0,1,1,32,10.7,1.0,32.0,0,21.3,0,0,0,Tampa Bay Buccaneers,NFC,NFC South
Adonai Mitchell,IND,WR,1,1,0,0.0,0.0,0.0,0.0,0.0,0.0,0.0,0.0,0.0,0.0,0.0,0.0,0.0,0.0,0.0,0.0,0.0,0.0,0.0,0.0,0.0,0.0,0.0,0,0,0,0,0,0,0,0,5,1,2,2.0,0,0,2,0.4,1.0,2.0,0,1.6,0,0,0,Indianapolis Colts,AFC,AFC South
David Montgomery,DET,RB,1,1,0,0.0,0.0,0.0,0.0,0.0,0.0,0.0,0.0,0.0,0.0,0.0,0.0,0.0,0.0,0.0,0.0,0.0,0.0,0.0,0.0,0.0,0.0,0.0,0,0,0,0,0,0,0,0,1,1,2,2.0,0,0,2,2.0,1.0,2.0,0,0.0,0,0,0,Detroit Lions,NFC,NFC North
Darnell Mooney,ATL,WR,1,1,0,0.0,0.0,0.0,0.0,0.0,0.0,0.0,0.0,0.0,0.0,0.0,0.0,0.0,0.0,0.0,0.0,0.0,0.0,0.0,0.0,0.0,0.0,0.0,0,0,0,0,0,0,0,0,3,1,15,15.0,0,1,15,5.0,1.0,15.0,0,10.0,0,0,0,Atlanta Falcons,NFC,NFC South
David Moore,CAR,WR,1,0,0,0.0,0.0,0.0,0.0,0.0,0.0,0.0,0.0,0.0,0.0,0.0,0.0,0.0,0.0,0.0,0.0,0.0,0.0,0.0,0.0,0.0,0.0,0.0,0,0,0,0,0,0,0,0,3,1,14,14.0,0,0,14,4.7,1.0,14.0,0,9.3,0,0,0,Carolina Panthers,NFC,NFC South
Jalen Nailor,MIN,WR,1,0,0,0.0,0.0,0.0,0.0,0.0,0.0,0.0,0.0,0.0,0.0,0.0,0.0,0.0,0.0,0.0,0.0,0.0,0.0,0.0,0.0,0.0,0.0,0.0,0,0,0,0,0,0,0,0,1,1,21,21.0,1,1,21,21.0,1.0,21.0,0,0.0,0,0,0,Minnesota Vikings,NFC,NFC North
Rome Odunze,CHI,WR,1,0,0,0.0,0.0,0.0,0.0,0.0,0.0,0.0,0.0,0.0,0.0,0.0,0.0,0.0,0.0,0.0,0.0,0.0,0.0,0.0,0.0,0.0,0.0,0.0,0,0,0,0,0,0,0,0,4,1,11,11.0,0,1,11,2.8,1.0,11.0,1,8.2,0,0,0,Chicago Bears,NFC,NFC North
Dare Ogunbowale,HOU,RB,1,0,0,0.0,0.0,0.0,0.0,0.0,0.0,0.0,0.0,0.0,0.0,0.0,0.0,0.0,0.0,0.0,0.0,0.0,0.0,0.0,0.0,0.0,0.0,0.0,0,0,0,0,0,0,0,0,1,1,3,3.0,0,0,3,3.0,1.0,3.0,0,0.0,0,0,0,Houston Texans,AFC,AFC South
Cade Otton,TAM,TE,1,1,0,0.0,0.0,0.0,0.0,0.0,0.0,0.0,0.0,0.0,0.0,0.0,0.0,0.0,0.0,0.0,0.0,0.0,0.0,0.0,0.0,0.0,0.0,0.0,0,0,0,0,0,0,0,0,2,1,5,5.0,0,0,5,2.5,1.0,5.0,0,2.5,0,0,0,Tampa Bay Buccaneers,NFC,NFC South
Trey Palmer,TAM,WR,1,0,0,0.0,0.0,0.0,0.0,0.0,0.0,0.0,0.0,0.0,0.0,0.0,0.0,0.0,0.0,0.0,0.0,0.0,0.0,0.0,0.0,0.0,0.0,0.0,0,0,0,0,0,0,0,0,2,1,19,19.0,0,1,19,9.5,1.0,19.0,0,9.5,0,0,0,Tampa Bay Buccaneers,NFC,NFC South
Samaje Perine,KAN,RB,1,0,0,0.0,0.0,0.0,0.0,0.0,0.0,0.0,0.0,0.0,0.0,0.0,0.0,0.0,0.0,0.0,0.0,0.0,0.0,0.0,0.0,0.0,0.0,0.0,0,0,0,0,0,0,0,0,2,1,10,10.0,0,1,10,5.0,1.0,10.0,0,5.0,0,0,0,Kansas City Chiefs,AFC,AFC West
Ja'Lynn Polk,NWE,WR,1,0,0,0.0,0.0,0.0,0.0,0.0,0.0,0.0,0.0,0.0,0.0,0.0,0.0,0.0,0.0,0.0,0.0,0.0,0.0,0.0,0.0,0.0,0.0,0.0,0,0,0,0,0,0,0,0,1,1,6,6.0,0,0,6,6.0,1.0,6.0,0,0.0,0,0,0,New England Patriots,AFC,AFC East
MyCole Pruitt,PIT,TE,1,1,0,0.0,0.0,0.0,0.0,0.0,0.0,0.0,0.0,0.0,0.0,0.0,0.0,0.0,0.0,0.0,0.0,0.0,0.0,0.0,0.0,0.0,0.0,0.0,0,0,0,0,0,0,0,0,2,1,9,9.0,0,0,9,4.5,1.0,9.0,0,4.5,0,0,0,Pittsburgh Steelers,AFC,AFC North
Ja'Tavion Sanders,CAR,TE,1,1,0,0.0,0.0,0.0,0.0,0.0,0.0,0.0,0.0,0.0,0.0,0.0,0.0,0.0,0.0,0.0,0.0,0.0,0.0,0.0,0.0,0.0,0.0,0.0,0,0,0,0,0,0,0,0,1,1,4,4.0,0,0,4,4.0,1.0,4.0,0,0.0,0,0,0,Carolina Panthers,NFC,NFC South
Laviska Shenault Jr.,SEA,WR,1,0,0,0.0,0.0,0.0,0.0,0.0,0.0,0.0,0.0,0.0,0.0,0.0,0.0,0.0,0.0,0.0,0.0,0.0,0.0,0.0,0.0,0.0,0.0,0.0,0,0,0,0,0,0,0,0,1,1,0,0.0,0,0,0,0.0,1.0,0.0,0,0.0,0,0,0,Seattle Seahawks,NFC,NFC West
Jonnu Smith,MIA,TE,1,0,0,0.0,0.0,0.0,0.0,0.0,0.0,0.0,0.0,0.0,0.0,0.0,0.0,0.0,0.0,0.0,0.0,0.0,0.0,0.0,0.0,0.0,0.0,0.0,0,0,0,0,0,0,0,0,2,1,7,7.0,0,0,7,3.5,1.0,7.0,0,3.5,0,0,0,Miami Dolphins,AFC,AFC East
Cedric Tillman,CLE,WR,1,0,0,0.0,0.0,0.0,0.0,0.0,0.0,0.0,0.0,0.0,0.0,0.0,0.0,0.0,0.0,0.0,0.0,0.0,0.0,0.0,0.0,0.0,0.0,0.0,0,0,0,0,0,0,0,0,1,1,3,3.0,0,0,3,3.0,1.0,3.0,0,0.0,0,0,0,Cleveland Browns,AFC,AFC North
Mason Tipton,NOR,WR,1,0,0,0.0,0.0,0.0,0.0,0.0,0.0,0.0,0.0,0.0,0.0,0.0,0.0,0.0,0.0,0.0,0.0,0.0,0.0,0.0,0.0,0.0,0.0,0.0,0,0,0,0,0,0,0,0,1,1,6,6.0,0,0,6,6.0,1.0,6.0,0,0.0,0,0,0,New Orleans Saints,NFC,NFC South
Jalen Tolbert,DAL,WR,1,1,0,0.0,0.0,0.0,0.0,0.0,0.0,0.0,0.0,0.0,0.0,0.0,0.0,0.0,0.0,0.0,0.0,0.0,0.0,0.0,0.0,0.0,0.0,0.0,0,0,0,0,0,0,0,0,2,1,12,12.0,0,1,12,6.0,1.0,12.0,0,6.0,0,0,0,Dallas Cowboys,NFC,NFC East
Tyrone Tracy,NYG,RB,1,0,0,0.0,0.0,0.0,0.0,0.0,0.0,0.0,0.0,0.0,0.0,0.0,0.0,0.0,0.0,0.0,0.0,0.0,0.0,0.0,0.0,0.0,0.0,0.0,0,0,0,0,0,0,0,0,3,1,5,5.0,0,0,5,1.7,1.0,5.0,0,3.3,0,0,0,New York Giants,NFC,NFC East
DJ Turner,LVR,WR,1,0,0,0.0,0.0,0.0,0.0,0.0,0.0,0.0,0.0,0.0,0.0,0.0,0.0,0.0,0.0,0.0,0.0,0.0,0.0,0.0,0.0,0.0,0.0,0.0,0,0,0,0,0,0,0,0,1,1,9,9.0,0,0,9,9.0,1.0,9.0,0,0.0,0,0,0,Las Vegas Raiders,AFC,AFC West
Marquez Valdes-Scantling,BUF,WR,1,0,0,0.0,0.0,0.0,0.0,0.0,0.0,0.0,0.0,0.0,0.0,0.0,0.0,0.0,0.0,0.0,0.0,0.0,0.0,0.0,0.0,0.0,0.0,0.0,0,0,0,0,0,0,0,0,2,1,19,19.0,0,1,19,9.5,1.0,19.0,0,9.5,0,0,0,Buffalo Bills,AFC,AFC East
Darnell Washington,PIT,TE,1,1,0,0.0,0.0,0.0,0.0,0.0,0.0,0.0,0.0,0.0,0.0,0.0,0.0,0.0,0.0,0.0,0.0,0.0,0.0,0.0,0.0,0.0,0.0,0.0,0,0,0,0,0,0,0,0,1,1,5,5.0,0,0,5,5.0,1.0,5.0,0,0.0,0,0,0,Pittsburgh Steelers,AFC,AFC North
Parker Washington,JAX,WR,1,0,0,0.0,0.0,0.0,0.0,0.0,0.0,0.0,0.0,0.0,0.0,0.0,0.0,0.0,0.0,0.0,0.0,0.0,0.0,0.0,0.0,0.0,0.0,0.0,0,0,0,0,0,0,0,0,1,1,3,3.0,0,0,3,3.0,1.0,3.0,1,0.0,0,0,0,Jacksonville Jaguars,AFC,AFC South
Justin Watson,KAN,WR,1,0,0,0.0,0.0,0.0,0.0,0.0,0.0,0.0,0.0,0.0,0.0,0.0,0.0,0.0,0.0,0.0,0.0,0.0,0.0,0.0,0.0,0.0,0.0,0.0,0,0,0,0,0,0,0,0,1,1,25,25.0,0,1,25,25.0,1.0,25.0,0,0.0,0,0,0,Kansas City Chiefs,AFC,AFC West
Jamaal Williams,NOR,RB,1,0,0,0.0,0.0,0.0,0.0,0.0,0.0,0.0,0.0,0.0,0.0,0.0,0.0,0.0,0.0,0.0,0.0,0.0,0.0,0.0,0.0,0.0,0.0,0.0,0,0,0,0,0,0,0,0,1,1,13,13.0,0,1,13,13.0,1.0,13.0,0,0.0,0,0,0,New Orleans Saints,NFC,NFC South
Javonte Williams,DEN,RB,1,1,0,0.0,0.0,0.0,0.0,0.0,0.0,0.0,0.0,0.0,0.0,0.0,0.0,0.0,0.0,0.0,0.0,0.0,0.0,0.0,0.0,0.0,0.0,0.0,0,0,0,0,0,0,0,0,2,1,0,0.0,0,0,0,0.0,1.0,0.0,0,0.0,0,0,0,Denver Broncos,AFC,AFC West
Michael Wilson,ARI,WR,1,1,0,0.0,0.0,0.0,0.0,0.0,0.0,0.0,0.0,0.0,0.0,0.0,0.0,0.0,0.0,0.0,0.0,0.0,0.0,0.0,0.0,0.0,0.0,0.0,0,0,0,0,0,0,0,0,2,1,5,5.0,1,1,5,2.5,1.0,5.0,0,2.5,0,0,0,Arizona Cardinals,NFC,NFC West
Charlie Woerner,ATL,TE,1,1,0,0.0,0.0,0.0,0.0,0.0,0.0,0.0,0.0,0.0,0.0,0.0,0.0,0.0,0.0,0.0,0.0,0.0,0.0,0.0,0.0,0.0,0.0,0.0,0,0,0,0,0,0,0,0,2,1,4,4.0,0,0,4,2.0,1.0,4.0,0,2.0,0,0,0,Atlanta Falcons,NFC,NFC South
Brock Wright,DET,TE,1,1,0,0.0,0.0,0.0,0.0,0.0,0.0,0.0,0.0,0.0,0.0,0.0,0.0,0.0,0.0,0.0,0.0,0.0,0.0,0.0,0.0,0.0,0.0,0.0,0,0,0,0,0,0,0,0,1,1,2,2.0,0,0,2,2.0,1.0,2.0,0,0.0,0,0,0,Detroit Lions,NFC,NFC North
Olamide Zaccheaus,WAS,WR,1,1,0,0.0,0.0,0.0,0.0,0.0,0.0,0.0,0.0,0.0,0.0,0.0,0.0,0.0,0.0,0.0,0.0,0.0,0.0,0.0,0.0,0.0,0.0,0.0,0,0,0,0,0,0,0,0,3,1,15,15.0,0,1,15,5.0,1.0,15.0,0,10.0,0,0,0,Washington Commanders,NFC,NFC East
